grb,ra,dec,coorderr,z,beta,beta_err,path_AB,path_raw
970228A,05h01m57s,+11° 46.4',3',0.695,0.78,0.02,mag-AB-extcorr-03-05-2023/970228A_magAB_extcorr.txt,mag-03-05-2023/970228A_mag.txt
970508A,06h53m28s,+79° 17.4',3',0.83,0.9,0.1,mag-AB-extcorr-03-05-2023/970508A_magAB_extcorr.txt,mag-03-05-2023/970508A_mag.txt
971214A,11h56m30s,+65° 12.0',4',3.42,0.87,0.13,mag-AB-extcorr-03-05-2023/971214A_magAB_extcorr.txt,mag-03-05-2023/971214A_mag.txt
980329A,07h02m41s,+38° 50.7',3',3.5,,,mag-AB-extcorr-03-05-2023/980329A_magAB_extcorr.txt,mag-03-05-2023/980329A_mag.txt
980425A,19h34m54s,-52° 49.9',8',0.0085,0.75,0.05,mag-AB-extcorr-03-05-2023/980425A_magAB_extcorr.txt,mag-03-05-2023/980425A_mag.txt
980613A,10h17m46s,+71° 29.9',4',1.096,0.3,1.1,mag-AB-extcorr-03-05-2023/980613A_magAB_extcorr.txt,mag-03-05-2023/980613A_mag.txt
980703A,23h59m07s,+08° 35.6',4',0.966,1.01,0.02,mag-AB-extcorr-03-05-2023/980703A_magAB_extcorr.txt,mag-03-05-2023/980703A_mag.txt
990123A,15h25m29s,+44° 45',2',1.6,0.75,0.07,mag-AB-extcorr-03-05-2023/990123A_magAB_extcorr.txt,mag-03-05-2023/990123A_mag.txt
990510A,13h38m06s,-80° 30',3',1.62,0.35,0.17,mag-AB-extcorr-03-05-2023/990510A_magAB_extcorr.txt,mag-03-05-2023/990510A_mag.txt
990705A,05h09m32s,-72° 09',6',0.842,,,mag-AB-extcorr-03-05-2023/990705A_magAB_extcorr.txt,mag-03-05-2023/990705A_mag.txt
990712A,22h31m50s,-73° 24',2',0.434,0.99,0.02,mag-AB-extcorr-03-05-2023/990712A_magAB_extcorr.txt,mag-03-05-2023/990712A_mag.txt
991208A,16h33m55s,+46° 26',14*1',0.706,0.75,0.03,mag-AB-extcorr-03-05-2023/991208A_magAB_extcorr.txt,mag-03-05-2023/991208A_mag.txt
991216A,05h19m31s,+11° 11',3'*5',1.02,0.57,0.08,mag-AB-extcorr-03-05-2023/991216A_magAB_extcorr.txt,mag-03-05-2023/991216A_mag.txt
000131A,06h13m33s,-51° 56',3.5'*16',4.5,0.66,0.34,mag-AB-extcorr-03-05-2023/000131A_magAB_extcorr.txt,mag-03-05-2023/000131A_mag.txt
000301C,16h20m22s,+29° 25',6'*8',2.03,0.7,0.09,mag-AB-extcorr-03-05-2023/000301C_magAB_extcorr.txt,mag-03-05-2023/000301C_mag.txt
000418A,12h25m21s,+20° 05',4'*8',1.118,1.9,0.15,mag-AB-extcorr-03-05-2023/000418A_magAB_extcorr.txt,mag-03-05-2023/000418A_mag.txt
000911A,02h18m42s,+07° 48',3'*10',1.058,0.75,0.26,mag-AB-extcorr-03-05-2023/000911A_magAB_extcorr.txt,mag-03-05-2023/000911A_mag.txt
000926A,17h04m15s,+51° 46',3'*10',2.04,1,0.18,mag-AB-extcorr-03-05-2023/000926A_magAB_extcorr.txt,mag-03-05-2023/000926A_mag.txt
010222A,14h52m12s,+43° 01',2.5',1.47688,1.07,0.09,mag-AB-extcorr-03-05-2023/010222A_magAB_extcorr.txt,mag-03-05-2023/010222A_mag.txt
010921A,22h55m35s,+40° 56',20*15',0.45,0.35,0.19,mag-AB-extcorr-03-05-2023/010921A_magAB_extcorr.txt,mag-03-05-2023/010921A_mag.txt
011121A,11h34m25s,-76° 02',2',0.36,0.8,0.15,mag-AB-extcorr-03-05-2023/011121A_magAB_extcorr.txt,mag-03-05-2023/011121A_mag.txt
011211A,11h15m16s,-21° 56',1',2.14,0.41,0.15,mag-AB-extcorr-03-05-2023/011211A_magAB_extcorr.txt,mag-03-05-2023/011211A_mag.txt
020124A,09h33m08s,-11° 35',19',3.198,1.32,0.25,mag-AB-extcorr-03-05-2023/020124A_magAB_extcorr.txt,mag-03-05-2023/020124A_mag.txt
020405A,13h58m10s,-31° 23',15'*5',0.69,1.43,0.08,mag-AB-extcorr-03-05-2023/020405A_magAB_extcorr.txt,mag-03-05-2023/020405A_mag.txt
020813A,19h46m38s,-19° 35',1',1.25,0.85,0.07,mag-AB-extcorr-03-05-2023/020813A_magAB_extcorr.txt,mag-03-05-2023/020813A_mag.txt
020903A,22h49m01s,-20° 56',16',0.25,1.48,0.06,mag-AB-extcorr-03-05-2023/020903A_magAB_extcorr.txt,mag-03-05-2023/020903A_mag.txt
021004A,00h26m56s,+18° 56',2',2.34,0.47,0.2,mag-AB-extcorr-03-05-2023/021004A_magAB_extcorr.txt,mag-03-05-2023/021004A_mag.txt
021211A,08h08m55s,+06° 44',14',1.01,0.69,0.14,mag-AB-extcorr-03-05-2023/021211A_magAB_extcorr.txt,mag-03-05-2023/021211A_mag.txt
030115A,11h18m30s,15° 02',2',2,,,mag-AB-extcorr-03-05-2023/030115A_magAB_extcorr.txt,mag-03-05-2023/030115A_mag.txt
030226A,11h33m05s,+25° 54',2',1.99,0.7,0.03,mag-AB-extcorr-03-05-2023/030226A_magAB_extcorr.txt,mag-03-05-2023/030226A_mag.txt
030323A,11h06m06s,-21° 54',12',3.372,0.89,0.04,mag-AB-extcorr-03-05-2023/030323A_magAB_extcorr.txt,mag-03-05-2023/030323A_mag.txt
030328A,12h10m46s,-09° 22',2',1.52,0.47,0.15,mag-AB-extcorr-03-05-2023/030328A_magAB_extcorr.txt,mag-03-05-2023/030328A_mag.txt
030329A,10h44m50s,+21° 31',2',0.17,0.41,0.17,mag-AB-extcorr-03-05-2023/030329A_magAB_extcorr.txt,mag-03-05-2023/030329A_mag.txt
030429A,12h13m07s,-20° 54,1.5'',2.658,0.22,0.24,mag-AB-extcorr-03-05-2023/030429A_magAB_extcorr.txt,mag-03-05-2023/030429A_mag.txt
030528A,17h04m02s,-22° 39',2',0.782,0.8,0.4,mag-AB-extcorr-03-05-2023/030528A_magAB_extcorr.txt,mag-03-05-2023/030528A_mag.txt
031203A,08h02m30s,-39° 51',2.5',0.105,0.8,0.1,mag-AB-extcorr-03-05-2023/031203A_magAB_extcorr.txt,mag-03-05-2023/031203A_mag.txt
040924A,02h06m19s,+16° 01',6',0.86,0.63,0.48,mag-AB-extcorr-03-05-2023/040924A_magAB_extcorr.txt,mag-03-05-2023/040924A_mag.txt
041006A,00h54m53s,+01° 12',5',0.72,0.36,0.27,mag-AB-extcorr-03-05-2023/041006A_magAB_extcorr.txt,mag-03-05-2023/041006A_mag.txt
041219A,00h24m26s,+62° 50',2',0.3,0.44,0.08,mag-AB-extcorr-03-05-2023/041219A_magAB_extcorr.txt,mag-03-05-2023/041219A_mag.txt
050126A,18h32m27s,+42° 23',4',1.29,,,mag-AB-extcorr-03-05-2023/050126A_magAB_extcorr.txt,mag-03-05-2023/050126A_mag.txt
050215B,11h37m48s,+40° 48',4',2.62,,,mag-AB-extcorr-03-05-2023/050215B_magAB_extcorr.txt,mag-03-05-2023/050215B_mag.txt
050223A,18h05m32s,-62° 30',4',0.5915,,,mag-AB-extcorr-03-05-2023/050223A_magAB_extcorr.txt,mag-03-05-2023/050223A_mag.txt
050315A,20h25m53s,-42° 35',4',1.949,,,mag-AB-extcorr-03-05-2023/050315A_magAB_extcorr.txt,mag-03-05-2023/050315A_mag.txt
050318A,03h18m43s,-46° 24',4',1.44,0.45,0.03,mag-AB-extcorr-03-05-2023/050318A_magAB_extcorr.txt,mag-03-05-2023/050318A_mag.txt
050319A,10h16m38s,+43° 34',4',3.24,0.74,0.42,mag-AB-extcorr-03-05-2023/050319A_magAB_extcorr.txt,mag-03-05-2023/050319A_mag.txt
050401A,16h31m31s,+02° 11',4',2.8992,0.39,0.05,mag-AB-extcorr-03-05-2023/050401A_magAB_extcorr.txt,mag-03-05-2023/050401A_mag.txt
050406A,02h17m43s,-50° 10',4',2.44,0.82,1.75,mag-AB-extcorr-03-05-2023/050406A_magAB_extcorr.txt,mag-03-05-2023/050406A_mag.txt
050408A,12h01m55s,+10° 52',2.5',1.24,0.28,0.33,mag-AB-extcorr-03-05-2023/050408A_magAB_extcorr.txt,mag-03-05-2023/050408A_mag.txt
050416A,12h33m54s,+21° 03',4',0.65,0.92,0.3,mag-AB-extcorr-03-05-2023/050416A_magAB_extcorr.txt,mag-03-05-2023/050416A_mag.txt
050502A,13h29m46s,+42° 40',3',3.79,0.76,0.16,mag-AB-extcorr-03-05-2023/050502A_magAB_extcorr.txt,mag-03-05-2023/050502A_mag.txt
050502B,09h30m10s,+17° 00',4',5.2,0.9,0.1,mag-AB-extcorr-03-05-2023/050502B_magAB_extcorr.txt,mag-03-05-2023/050502B_mag.txt
050505A,09h27m08s,+30° 15',4',4.27,0.41,0.06,mag-AB-extcorr-03-05-2023/050505A_magAB_extcorr.txt,mag-03-05-2023/050505A_mag.txt
050525A,18h32m35s,+26° 20',4',0.61,0.97,0.1,mag-AB-extcorr-03-05-2023/050525A_magAB_extcorr.txt,mag-03-05-2023/050525A_mag.txt
050603A,02h39m55s,-25° 11',4',2.821,0.2,0.1,mag-AB-extcorr-03-05-2023/050603A_magAB_extcorr.txt,mag-03-05-2023/050603A_mag.txt
050709A,23h01m30s,-38° 59',1.3',0.1606,2.3,0.7,mag-AB-extcorr-03-05-2023/050709A_magAB_extcorr.txt,mag-03-05-2023/050709A_mag.txt
050724A,16h24m51s,-27° 31',4',0.258,0.78,0.07,mag-AB-extcorr-03-05-2023/050724A_magAB_extcorr.txt,mag-03-05-2023/050724A_mag.txt
050730A,14h08m16s,-03° 46',4',3.97,0.52,0.05,mag-AB-extcorr-03-05-2023/050730A_magAB_extcorr.txt,mag-03-05-2023/050730A_mag.txt
050801A,13h36m33s,-21° 57',4',1.56,1,0.16,mag-AB-extcorr-03-05-2023/050801A_magAB_extcorr.txt,mag-03-05-2023/050801A_mag.txt
050802A,14h37m09s,+27° 48',4',1.7102,,,mag-AB-extcorr-03-05-2023/050802A_magAB_extcorr.txt,mag-03-05-2023/050802A_mag.txt
050803A,23h22m36s,+05° 48',4',3.5,,,mag-AB-extcorr-03-05-2023/050803A_magAB_extcorr.txt,mag-03-05-2023/050803A_mag.txt
050814A,17h36m49s,+46° 20',4',5.77,0.9,0.5,mag-AB-extcorr-03-05-2023/050814A_magAB_extcorr.txt,mag-03-05-2023/050814A_mag.txt
050820A,22h29m36s,+19° 35',4',2.61,0.72,0.03,mag-AB-extcorr-03-05-2023/050820A_magAB_extcorr.txt,mag-03-05-2023/050820A_mag.txt
050824A,00h48m56s,+22° 36,1.6'',0.83,0.4,0.04,mag-AB-extcorr-03-05-2023/050824A_magAB_extcorr.txt,mag-03-05-2023/050824A_mag.txt
050826A,05h50m55s,-02° 41',4',0.297,,,mag-AB-extcorr-03-05-2023/050826A_magAB_extcorr.txt,mag-03-05-2023/050826A_mag.txt
050904A,00h54m41s,+14° 08',4',6.295,1.31,1.2,mag-AB-extcorr-03-05-2023/050904A_magAB_extcorr.txt,mag-03-05-2023/050904A_mag.txt
050908A,01h21m51s,-12° 58',4',3.34,1.8,0.09,mag-AB-extcorr-03-05-2023/050908A_magAB_extcorr.txt,mag-03-05-2023/050908A_mag.txt
050915A,05h26m51s,-28° 02',4',2.5273,,,mag-AB-extcorr-03-05-2023/050915A_magAB_extcorr.txt,mag-03-05-2023/050915A_mag.txt
050922B,00h23m12s,-05° 36',4',4.5,,,mag-AB-extcorr-03-05-2023/050922B_magAB_extcorr.txt,mag-03-05-2023/050922B_mag.txt
050922C,21h09m34s,-08° 46',4',2.2,0.51,0.05,mag-AB-extcorr-03-05-2023/050922C_magAB_extcorr.txt,mag-03-05-2023/050922C_mag.txt
051006A,07h23m19s,+09° 32',4',1.059,,,mag-AB-extcorr-03-05-2023/051006A_magAB_extcorr.txt,mag-03-05-2023/051006A_mag.txt
051016B,08h48m16s,+13° 39',4',0.9364,,,mag-AB-extcorr-03-05-2023/051016B_magAB_extcorr.txt,mag-03-05-2023/051016B_mag.txt
051022A,23h56m00s,+19° 36',2.5',0.809,,,mag-AB-extcorr-03-05-2023/051022A_magAB_extcorr.txt,mag-03-05-2023/051022A_mag.txt
051028A,01h48m39s,47°49',19.5',3.5,,,mag-AB-extcorr-03-05-2023/051028A_magAB_extcorr.txt,mag-03-05-2023/051028A_mag.txt
051109A,22h01m11s,+40° 50',4',2.346,0.61,0.06,mag-AB-extcorr-03-05-2023/051109A_magAB_extcorr.txt,mag-03-05-2023/051109A_mag.txt
051111A,23h12m38s,+18° 20',4',1.55,0.76,0.07,mag-AB-extcorr-03-05-2023/051111A_magAB_extcorr.txt,mag-03-05-2023/051111A_mag.txt
051221A,21h54m51s,+16° 54',3',0.5465,0.64,0.05,mag-AB-extcorr-03-05-2023/051221A_magAB_extcorr.txt,mag-03-05-2023/051221A_mag.txt
060108A,09h47m58s,+31° 55',3',2,0.54,0.11,mag-AB-extcorr-03-05-2023/060108A_magAB_extcorr.txt,mag-03-05-2023/060108A_mag.txt
060111A,18h24m51s, +37° 36',3',2.32,,,mag-AB-extcorr-03-05-2023/060111A_magAB_extcorr.txt,mag-03-05-2023/060111A_mag.txt
060115A,03h36m11s,+17° 21',3',3.53,0.77,0.03,mag-AB-extcorr-03-05-2023/060115A_magAB_extcorr.txt,mag-03-05-2023/060115A_mag.txt
060116A,05h38m48s,-05° 27',3',6.6,,,mag-AB-extcorr-03-05-2023/060116A_magAB_extcorr.txt,mag-03-05-2023/060116A_mag.txt
060124A,05h08m10s,+69° 43',3',2.3,0.73,0.08,mag-AB-extcorr-03-05-2023/060124A_magAB_extcorr.txt,mag-03-05-2023/060124A_mag.txt
060204B,14h07m11s,+27° 41',3',2.3393,,,mag-AB-extcorr-03-05-2023/060204B_magAB_extcorr.txt,mag-03-05-2023/060204B_mag.txt
060206A,13h31m47s,+35° 04',3',4.05,0.73,0.05,mag-AB-extcorr-03-05-2023/060206A_magAB_extcorr.txt,mag-03-05-2023/060206A_mag.txt
060210A,03h50m55s,+27° 02',3',3.91,0.37,0.1,mag-AB-extcorr-03-05-2023/060210A_magAB_extcorr.txt,mag-03-05-2023/060210A_mag.txt
060218A,03h21m37s,+16° 52',3',0.0331,0.75,0.05,mag-AB-extcorr-03-05-2023/060218A_magAB_extcorr.txt,mag-03-05-2023/060218A_mag.txt
060223A,03h40m52s,-17° 08',3',4.41,0.9,0.23,mag-AB-extcorr-03-05-2023/060223A_magAB_extcorr.txt,mag-03-05-2023/060223A_mag.txt
060319A,11h45m29s,+59° 59',3',1.172,,,mag-AB-extcorr-03-05-2023/060319A_magAB_extcorr.txt,mag-03-05-2023/060319A_mag.txt
060418A,15h45m41s,-03° 39',3',1.49,0.78,0.09,mag-AB-extcorr-03-05-2023/060418A_magAB_extcorr.txt,mag-03-05-2023/060418A_mag.txt
060502A,16h03m26s,+66° 36',3',1.51,0.91,0.11,mag-AB-extcorr-03-05-2023/060502A_magAB_extcorr.txt,mag-03-05-2023/060502A_mag.txt
060505A,22h07m04s,-27° 49',3',0.089,0.8,0.03,mag-AB-extcorr-03-05-2023/060505A_magAB_extcorr.txt,mag-03-05-2023/060505A_mag.txt
060510B,15h56m34s,+78° 34',3',4.94,,,mag-AB-extcorr-03-05-2023/060510B_magAB_extcorr.txt,mag-03-05-2023/060510B_mag.txt
060512A,13h03m05s,+41° 13',3',0.44,0.68,0.05,mag-AB-extcorr-03-05-2023/060512A_magAB_extcorr.txt,mag-03-05-2023/060512A_mag.txt
060522A,21h31m48s,+02° 53',3',5.11,,,mag-AB-extcorr-03-05-2023/060522A_magAB_extcorr.txt,mag-03-05-2023/060522A_mag.txt
060526A,15h31m23s,+00° 15',3',3.21,0.51,0.32,mag-AB-extcorr-03-05-2023/060526A_magAB_extcorr.txt,mag-03-05-2023/060526A_mag.txt
060602A,09h58m18s,+00° 19',3',0.787,,,mag-AB-extcorr-03-05-2023/060602A_magAB_extcorr.txt,mag-03-05-2023/060602A_mag.txt
060604A,22h28m58s,-10° 54',3',2.1357,,,mag-AB-extcorr-03-05-2023/060604A_magAB_extcorr.txt,mag-03-05-2023/060604A_mag.txt
060605A,21h28m35s,-06° 04',3',3.78,1.02,0.05,mag-AB-extcorr-03-05-2023/060605A_magAB_extcorr.txt,mag-03-05-2023/060605A_mag.txt
060607A,21h58m51s,-22° 30',3',3.07,0.72,0.27,mag-AB-extcorr-03-05-2023/060607A_magAB_extcorr.txt,mag-03-05-2023/060607A_mag.txt
060614A,21h23m27s,-53° 02',3',0.125,0.47,0.04,mag-AB-extcorr-03-05-2023/060614A_magAB_extcorr.txt,mag-03-05-2023/060614A_mag.txt
060707A,23h48m19s,-17° 55',3',3.425,0.59,0.02,mag-AB-extcorr-03-05-2023/060707A_magAB_extcorr.txt,mag-03-05-2023/060707A_mag.txt
060708A,00h31m12s,-33° 44',3',1.92,0.88,0.05,mag-AB-extcorr-03-05-2023/060708A_magAB_extcorr.txt,mag-03-05-2023/060708A_mag.txt
060714A,15h11m29s,-06° 33',3',2.71,0.44,0.04,mag-AB-extcorr-03-05-2023/060714A_magAB_extcorr.txt,mag-03-05-2023/060714A_mag.txt
060719A,01h13m49s,-48° 22',3',1.532,,,mag-AB-extcorr-03-05-2023/060719A_magAB_extcorr.txt,mag-03-05-2023/060719A_mag.txt
060729A,06h21m21s,-62° 21',3',0.54,0.78,0.03,mag-AB-extcorr-03-05-2023/060729A_magAB_extcorr.txt,mag-03-05-2023/060729A_mag.txt
060805A,14h43m41s,+12° 36',3',2.3633,,,mag-AB-extcorr-03-05-2023/060805A_magAB_extcorr.txt,mag-03-05-2023/060805A_mag.txt
060814A,14h45m23s,+20° 35',3',1.9229,,,mag-AB-extcorr-03-05-2023/060814A_magAB_extcorr.txt,mag-03-05-2023/060814A_mag.txt
060904A,15h50m58s,+44° 58',3',2.55,,,mag-AB-extcorr-03-05-2023/060904A_magAB_extcorr.txt,mag-03-05-2023/060904A_mag.txt
060904B,03h52m51s,-00° 43',3',0.7,1.11,0.1,mag-AB-extcorr-03-05-2023/060904B_magAB_extcorr.txt,mag-03-05-2023/060904B_mag.txt
060906A,02h43m00s,+30° 21',3',3.686,0.56,0.02,mag-AB-extcorr-03-05-2023/060906A_magAB_extcorr.txt,mag-03-05-2023/060906A_mag.txt
060908A,02h07m20s,+00° 22',3',1.8836,0.3,0.06,mag-AB-extcorr-03-05-2023/060908A_magAB_extcorr.txt,mag-03-05-2023/060908A_mag.txt
060912A,00h21m09s,+20° 58',3',0.937,0.7,0.1,mag-AB-extcorr-03-05-2023/060912A_magAB_extcorr.txt,mag-03-05-2023/060912A_mag.txt
060923A,16h58m30s,+12° 23',3',2.6,,,mag-AB-extcorr-03-05-2023/060923A_magAB_extcorr.txt,mag-03-05-2023/060923A_mag.txt
060923B,15h52m48s,-30° 54',3',1.5094,,,mag-AB-extcorr-03-05-2023/060923B_magAB_extcorr.txt,mag-03-05-2023/060923B_mag.txt
060926A,17h35m49s,+13° 02',3',3.2,0.82,0.01,mag-AB-extcorr-03-05-2023/060926A_magAB_extcorr.txt,mag-03-05-2023/060926A_mag.txt
060927A,21h58m13s,+05° 21',3',5.46,0.86,0.03,mag-AB-extcorr-03-05-2023/060927A_magAB_extcorr.txt,mag-03-05-2023/060927A_mag.txt
061006A,07h24m22s,-79° 12',3',0.4377,0.62,0.2,mag-AB-extcorr-03-05-2023/061006A_magAB_extcorr.txt,mag-03-05-2023/061006A_mag.txt
061007A,03h05m16s,-50° 29',3',1.26,0.78,0.02,mag-AB-extcorr-03-05-2023/061007A_magAB_extcorr.txt,mag-03-05-2023/061007A_mag.txt
061021A,09h40m32s,-21° 56',3',4.6,0.55,0.02,mag-AB-extcorr-03-05-2023/061021A_magAB_extcorr.txt,mag-03-05-2023/061021A_mag.txt
061110A,22h25m13s,-02° 16',3',0.758,0.79,0.02,mag-AB-extcorr-03-05-2023/061110A_magAB_extcorr.txt,mag-03-05-2023/061110A_mag.txt
061110B,21h35m36s,+06° 53',3',3.44,0.73,0.03,mag-AB-extcorr-03-05-2023/061110B_magAB_extcorr.txt,mag-03-05-2023/061110B_mag.txt
061121A,09h49m00s,-13° 11',3',1.31,0.67,0.04,mag-AB-extcorr-03-05-2023/061121A_magAB_extcorr.txt,mag-03-05-2023/061121A_mag.txt
061126A,05h46m30s,+64° 11',3',1.1588,0.82,0.09,mag-AB-extcorr-03-05-2023/061126A_magAB_extcorr.txt,mag-03-05-2023/061126A_mag.txt
061201A,22h07m53s,-74° 36',3',0.111,0.5,0.06,mag-AB-extcorr-03-05-2023/061201A_magAB_extcorr.txt,mag-03-05-2023/061201A_mag.txt
061222A,23h52m58s,+46° 32',3',2.088,,,mag-AB-extcorr-03-05-2023/061222A_magAB_extcorr.txt,mag-03-05-2023/061222A_mag.txt
061222B,07h01m26s,-25° 51',3',3.355,,,mag-AB-extcorr-03-05-2023/061222B_magAB_extcorr.txt,mag-03-05-2023/061222B_mag.txt
070110A,00h03m38s,-52° 58',3',2.35,1,0.14,mag-AB-extcorr-03-05-2023/070110A_magAB_extcorr.txt,mag-03-05-2023/070110A_mag.txt
070125A,07h51m24s,+31° 08',3',1.55,0.55,0.04,mag-AB-extcorr-03-05-2023/070125A_magAB_extcorr.txt,mag-03-05-2023/070125A_mag.txt
070129A,02h28m03s,+11° 43',3',2.3384,0.58,0.02,mag-AB-extcorr-03-05-2023/070129A_magAB_extcorr.txt,mag-03-05-2023/070129A_mag.txt
070208A,13h11m41s,+61° 58',3',1.17,2.18,0.12,mag-AB-extcorr-03-05-2023/070208A_magAB_extcorr.txt,mag-03-05-2023/070208A_mag.txt
070223A,10h13m49s,+43° 07',3',1.6295,,,mag-AB-extcorr-03-05-2023/070223A_magAB_extcorr.txt,mag-03-05-2023/070223A_mag.txt
070224A,11h55m58s,-13° 20',3',1.9922,,,mag-AB-extcorr-03-05-2023/070224A_magAB_extcorr.txt,mag-03-05-2023/070224A_mag.txt
070306A,09h52m20s,+10° 28',3',1.4959,0.7,0.1,mag-AB-extcorr-03-05-2023/070306A_magAB_extcorr.txt,mag-03-05-2023/070306A_mag.txt
070318A,03h14m10s,-42° 58',3',0.836,1.14,0.02,mag-AB-extcorr-03-05-2023/070318A_magAB_extcorr.txt,mag-03-05-2023/070318A_mag.txt
070411A,07h09m21s,+01° 05',3',2.95,,,mag-AB-extcorr-03-05-2023/070411A_magAB_extcorr.txt,mag-03-05-2023/070411A_mag.txt
070419A,12h10m51s,+39° 54',3',0.97,0.6,0.36,mag-AB-extcorr-03-05-2023/070419A_magAB_extcorr.txt,mag-03-05-2023/070419A_mag.txt
070419B,21h02m52s,-31° 16',3',1.9591,,,mag-AB-extcorr-03-05-2023/070419B_magAB_extcorr.txt,mag-03-05-2023/070419B_mag.txt
070506A,23h08m52s,+10° 44',3',2.31,0.51,0.06,mag-AB-extcorr-03-05-2023/070506A_magAB_extcorr.txt,mag-03-05-2023/070506A_mag.txt
070521A,16h10m41s,+30° 14',3',2.0865,,,mag-AB-extcorr-03-05-2023/070521A_magAB_extcorr.txt,mag-03-05-2023/070521A_mag.txt
070529A,18h55m00s,+20° 38',3',2.4996,,,mag-AB-extcorr-03-05-2023/070529A_magAB_extcorr.txt,mag-03-05-2023/070529A_mag.txt
070611A,00h07m57s,-29° 45',3',2.04,0.95,0.02,mag-AB-extcorr-03-05-2023/070611A_magAB_extcorr.txt,mag-03-05-2023/070611A_mag.txt
070612A,08h05m32s,+37° 16',3',0.671,0.6,0.19,mag-AB-extcorr-03-05-2023/070612A_magAB_extcorr.txt,mag-03-05-2023/070612A_mag.txt
070714B,03h51m25s,+28° 18',3',0.92,0.86,0.1,mag-AB-extcorr-03-05-2023/070714B_magAB_extcorr.txt,mag-03-05-2023/070714B_mag.txt
070721B,02h12m31s,-02° 11',3',3.626,0.88,0.02,mag-AB-extcorr-03-05-2023/070721B_magAB_extcorr.txt,mag-03-05-2023/070721B_mag.txt
070724A,01h51m16s,-18° 37',3',0.457,0.72,0.03,mag-AB-extcorr-03-05-2023/070724A_magAB_extcorr.txt,mag-03-05-2023/070724A_mag.txt
070802A,02h27m24s,-55° 32',3',2.45,1.07,0.31,mag-AB-extcorr-03-05-2023/070802A_magAB_extcorr.txt,mag-03-05-2023/070802A_mag.txt
070810A,12h39m53s,+10° 44',3',2.17,1.01,0.08,mag-AB-extcorr-03-05-2023/070810A_magAB_extcorr.txt,mag-03-05-2023/070810A_mag.txt
071003A,20h07m25s,+10° 58',3',1.6,1.25,0.09,mag-AB-extcorr-03-05-2023/071003A_magAB_extcorr.txt,mag-03-05-2023/071003A_mag.txt
071010A,19h12m24s,-32° 23',3',0.99,0.61,0.12,mag-AB-extcorr-03-05-2023/071010A_magAB_extcorr.txt,mag-03-05-2023/071010A_mag.txt
071010B,10h02m07s,+45° 44',3',0.947,0.68,0.14,mag-AB-extcorr-03-05-2023/071010B_magAB_extcorr.txt,mag-03-05-2023/071010B_mag.txt
071020A,07h58m39s,+32° 52',3',2.145,0.15,0.05,mag-AB-extcorr-03-05-2023/071020A_magAB_extcorr.txt,mag-03-05-2023/071020A_mag.txt
071021A,22h42m33s,+23° 40',3',2.452,,,mag-AB-extcorr-03-05-2023/071021A_magAB_extcorr.txt,mag-03-05-2023/071021A_mag.txt
071025A,23h40m20s,+31° 45',3',5,0.42,0.08,mag-AB-extcorr-03-05-2023/071025A_magAB_extcorr.txt,mag-03-05-2023/071025A_mag.txt
071031A,00h25m50s,-58° 03',3',2.69,0.64,0.08,mag-AB-extcorr-03-05-2023/071031A_magAB_extcorr.txt,mag-03-05-2023/071031A_mag.txt
071112C,02h36m53s,+28° 23',3',0.82,0.63,0.29,mag-AB-extcorr-03-05-2023/071112C_magAB_extcorr.txt,mag-03-05-2023/071112C_mag.txt
071117A,22h20m38s,-63° 26',3',1.331,0.41,0.03,mag-AB-extcorr-03-05-2023/071117A_magAB_extcorr.txt,mag-03-05-2023/071117A_mag.txt
071122A,18h26m20s,+47° 04',3',1.14,1.3,0.6,mag-AB-extcorr-03-05-2023/071122A_magAB_extcorr.txt,mag-03-05-2023/071122A_mag.txt
071227A,03h52m29s,-55° 57',3',0.383,0.92,0.06,mag-AB-extcorr-03-05-2023/071227A_magAB_extcorr.txt,mag-03-05-2023/071227A_mag.txt
080109A,09h09m31s,+33°08',?,0.0064941,,,mag-AB-extcorr-03-05-2023/080109A_magAB_extcorr.txt,mag-03-05-2023/080109A_mag.txt
080129A,07h01m07s,-07° 50',3',4.349,0.69,0.05,mag-AB-extcorr-03-05-2023/080129A_magAB_extcorr.txt,mag-03-05-2023/080129A_mag.txt
080205A,06h32m53s,+62° 46',3',2.72,,,mag-AB-extcorr-03-05-2023/080205A_magAB_extcorr.txt,mag-03-05-2023/080205A_mag.txt
080210A,16h45m05s,+13° 50',3',2.641,0.44,0.32,mag-AB-extcorr-03-05-2023/080210A_magAB_extcorr.txt,mag-03-05-2023/080210A_mag.txt
080310A,14h40m19s,-00° 10',3',2.43,0.42,0.12,mag-AB-extcorr-03-05-2023/080310A_magAB_extcorr.txt,mag-03-05-2023/080310A_mag.txt
080319A,13h45m25s,+44° 05',3',2.0265,0.77,0.02,mag-AB-extcorr-03-05-2023/080319A_magAB_extcorr.txt,mag-03-05-2023/080319A_mag.txt
080319B,14h31m42s,+36° 18',3',0.937,0.5,0.07,mag-AB-extcorr-03-05-2023/080319B_magAB_extcorr.txt,mag-03-05-2023/080319B_mag.txt
080319C,17h15m54s,+55° 25',3',1.95,0.77,0.02,mag-AB-extcorr-03-05-2023/080319C_magAB_extcorr.txt,mag-03-05-2023/080319C_mag.txt
080325A,18h31m35s,+36° 31',3',1.78,,,mag-AB-extcorr-03-05-2023/080325A_magAB_extcorr.txt,mag-03-05-2023/080325A_mag.txt
080330A,11h17m12s,+30° 34',3',1.51,0.42,0.15,mag-AB-extcorr-03-05-2023/080330A_magAB_extcorr.txt,mag-03-05-2023/080330A_mag.txt
080411A,02h32m04s,-71° 20',3',1.03,,,mag-AB-extcorr-03-05-2023/080411A_magAB_extcorr.txt,mag-03-05-2023/080411A_mag.txt
080413A,19h09m10s,-27° 41',3',2.43,0.25,0.07,mag-AB-extcorr-03-05-2023/080413A_magAB_extcorr.txt,mag-03-05-2023/080413A_mag.txt
080413B,21h44m32s,-19° 58',3',1.1,0.25,0.07,mag-AB-extcorr-03-05-2023/080413B_magAB_extcorr.txt,mag-03-05-2023/080413B_mag.txt
080430A,11h01m17s,+51° 41',3',0.767,,,mag-AB-extcorr-03-05-2023/080430A_magAB_extcorr.txt,mag-03-05-2023/080430A_mag.txt
080514B,21h31m17s,+00° 44',17'*6',1.8,0.64,0.03,mag-AB-extcorr-03-05-2023/080514B_magAB_extcorr.txt,mag-03-05-2023/080514B_mag.txt
080516A,08h02m31s,-26° 11',3',3.2,,,mag-AB-extcorr-03-05-2023/080516A_magAB_extcorr.txt,mag-03-05-2023/080516A_mag.txt
080520A,18h40m46s,-55° 00',3',1.545,0.78,0.02,mag-AB-extcorr-03-05-2023/080520A_magAB_extcorr.txt,mag-03-05-2023/080520A_mag.txt
080603A,18h37m31s,+62° 44',3',1.69,0.98,0.04,mag-AB-extcorr-03-05-2023/080603A_magAB_extcorr.txt,mag-03-05-2023/080603A_mag.txt
080603B,11h46m07s,+68° 05',3',2.6893,0.53,0.06,mag-AB-extcorr-03-05-2023/080603B_magAB_extcorr.txt,mag-03-05-2023/080603B_mag.txt
080604A,15h47m53s,+20° 33',3',1.416,,,mag-AB-extcorr-03-05-2023/080604A_magAB_extcorr.txt,mag-03-05-2023/080604A_mag.txt
080605A,17h28m31s,+04° 00',3',1.6403,0.74,0.12,mag-AB-extcorr-03-05-2023/080605A_magAB_extcorr.txt,mag-03-05-2023/080605A_mag.txt
080607A,12h59m52s,+15° 54',3',3.04,1.32,0.07,mag-AB-extcorr-03-05-2023/080607A_magAB_extcorr.txt,mag-03-05-2023/080607A_mag.txt
080707A,02h10m32s,+33° 09',3',1.23,0.71,0.03,mag-AB-extcorr-03-05-2023/080707A_magAB_extcorr.txt,mag-03-05-2023/080707A_mag.txt
080710A,00h33m02s,+19° 30',3',0.85,0.8,0.09,mag-AB-extcorr-03-05-2023/080710A_magAB_extcorr.txt,mag-03-05-2023/080710A_mag.txt
080721A,14h57m53s,-11° 43',3',2.591,0.68,0.02,mag-AB-extcorr-03-05-2023/080721A_magAB_extcorr.txt,mag-03-05-2023/080721A_mag.txt
080804A,21h54m48s,-53° 12',3',2.2045,0.37,0.12,mag-AB-extcorr-03-05-2023/080804A_magAB_extcorr.txt,mag-03-05-2023/080804A_mag.txt
080805A,20h56m55s,-62° 26',3',1.505,0.67,0.03,mag-AB-extcorr-03-05-2023/080805A_magAB_extcorr.txt,mag-03-05-2023/080805A_mag.txt
080810A,23h47m07s,+00° 19',3',3.35,0.51,0.13,mag-AB-extcorr-03-05-2023/080810A_magAB_extcorr.txt,mag-03-05-2023/080810A_mag.txt
080825B,13h57m08s,-68° 57',3',4.3,0.67,0.11,mag-AB-extcorr-03-05-2023/080825B_magAB_extcorr.txt,mag-03-05-2023/080825B_mag.txt
080905A,19h10m39s,-18° 53',3',0.1218,,,mag-AB-extcorr-03-05-2023/080905A_magAB_extcorr.txt,mag-03-05-2023/080905A_mag.txt
080905B,20h06m53s,-62° 34',3',2.374,0.8,0.07,mag-AB-extcorr-03-05-2023/080905B_magAB_extcorr.txt,mag-03-05-2023/080905B_mag.txt
080906A,15h11m34s,-80° 29',3',2.1,0.5,0.15,mag-AB-extcorr-03-05-2023/080906A_magAB_extcorr.txt,mag-03-05-2023/080906A_mag.txt
080913A,04h22m54s,-25° 07',3',6.73,0.79,0.03,mag-AB-extcorr-03-05-2023/080913A_magAB_extcorr.txt,mag-03-05-2023/080913A_mag.txt
080916A,22h25m12s,-57° 01',3',0.689,0.49,0.05,mag-AB-extcorr-03-05-2023/080916A_magAB_extcorr.txt,mag-03-05-2023/080916A_mag.txt
080916C,07h59m31s,-56° 35',10',4.35,0.38,0.1,mag-AB-extcorr-03-05-2023/080916C_magAB_extcorr.txt,mag-03-05-2023/080916C_mag.txt
080928A,06h20m20s,-55° 10',3,1.69,1.08,0.02,mag-AB-extcorr-03-05-2023/080928A_magAB_extcorr.txt,mag-03-05-2023/080928A_mag.txt
081007A,22h39m54s,-40° 08',3,0.53,0.47,0.09,mag-AB-extcorr-03-05-2023/081007A_magAB_extcorr.txt,mag-03-05-2023/081007A_mag.txt
081008A,18h39m57s,-57° 28',3,1.97,0.38,0.23,mag-AB-extcorr-03-05-2023/081008A_magAB_extcorr.txt,mag-03-05-2023/081008A_mag.txt
081028A,08h07m34s,+02° 19',3,3.038,,,mag-AB-extcorr-03-05-2023/081028A_magAB_extcorr.txt,mag-03-05-2023/081028A_mag.txt
081029A,23h06m49s,-68° 10',3,3.85,1,0.01,mag-AB-extcorr-03-05-2023/081029A_magAB_extcorr.txt,mag-03-05-2023/081029A_mag.txt
081109A,22h03m09s,-54° 43',3,0.98,,,mag-AB-extcorr-03-05-2023/081109A_magAB_extcorr.txt,mag-03-05-2023/081109A_mag.txt
081118A,05h30m22s,-43° 18',3,2.58,,,mag-AB-extcorr-03-05-2023/081118A_magAB_extcorr.txt,mag-03-05-2023/081118A_mag.txt
081121A,05h57m03s,-60° 38',3,2.512,,,mag-AB-extcorr-03-05-2023/081121A_magAB_extcorr.txt,mag-03-05-2023/081121A_mag.txt
081203A,15h32m08s,+63° 30',3,2.1,0.67,0.1,mag-AB-extcorr-03-05-2023/081203A_magAB_extcorr.txt,mag-03-05-2023/081203A_mag.txt
081210A,04h41m50s,-11° 16',3,2.0631,,,mag-AB-extcorr-03-05-2023/081210A_magAB_extcorr.txt,mag-03-05-2023/081210A_mag.txt
081221A,01h03m13s,-24° 32',3,2.26,,,mag-AB-extcorr-03-05-2023/081221A_magAB_extcorr.txt,mag-03-05-2023/081221A_mag.txt
081222A,01h31m00s,-34° 08',3,2.77,0.47,0.06,mag-AB-extcorr-03-05-2023/081222A_magAB_extcorr.txt,mag-03-05-2023/081222A_mag.txt
081228A,02h37m52s,+30° 51',3,3.44,1.24,0.29,mag-AB-extcorr-03-05-2023/081228A_magAB_extcorr.txt,mag-03-05-2023/081228A_mag.txt
081230A,02h29m16s,-25° 08',3,2,0.4,0.2,mag-AB-extcorr-03-05-2023/081230A_magAB_extcorr.txt,mag-03-05-2023/081230A_mag.txt
090102A,08h33m02s,+33° 05',3,1.55,0.74,0.22,mag-AB-extcorr-03-05-2023/090102A_magAB_extcorr.txt,mag-03-05-2023/090102A_mag.txt
090113A,02h08m18s,+33° 27',3,1.7493,,,mag-AB-extcorr-03-05-2023/090113A_magAB_extcorr.txt,mag-03-05-2023/090113A_mag.txt
090201A,06h08m07s,-46° 35',3,2.1,,,mag-AB-extcorr-03-05-2023/090201A_magAB_extcorr.txt,mag-03-05-2023/090201A_mag.txt
090205A,14h43m42s,-27° 52',3,4.6497,0.88,0.14,mag-AB-extcorr-03-05-2023/090205A_magAB_extcorr.txt,mag-03-05-2023/090205A_mag.txt
090313A,13h13m35s,+08° 06',3,3.38,0.74,0.4,mag-AB-extcorr-03-05-2023/090313A_magAB_extcorr.txt,mag-03-05-2023/090313A_mag.txt
090323A,12h42m46s,+17° 05',8,3.57,0.65,0.13,mag-AB-extcorr-03-05-2023/090323A_magAB_extcorr.txt,mag-03-05-2023/090323A_mag.txt
090328A,06h03m29s,-41° 57',9,0.736,1.19,0.21,mag-AB-extcorr-03-05-2023/090328A_magAB_extcorr.txt,mag-03-05-2023/090328A_mag.txt
090407A,04h35m50s,-12° 40',3,1.4485,,,mag-AB-extcorr-03-05-2023/090407A_magAB_extcorr.txt,mag-03-05-2023/090407A_mag.txt
090418A,17h57m20s,+33° 25',3,1.608,,,mag-AB-extcorr-03-05-2023/090418A_magAB_extcorr.txt,mag-03-05-2023/090418A_mag.txt
090423A,09h55m35s,+18° 07',3,8.23,0.45,0.13,mag-AB-extcorr-03-05-2023/090423A_magAB_extcorr.txt,mag-03-05-2023/090423A_mag.txt
090424A,12h38m09s,+16° 50',3,0.544,0.55,0.03,mag-AB-extcorr-03-05-2023/090424A_magAB_extcorr.txt,mag-03-05-2023/090424A_mag.txt
090426A,12h36m18s,-32° 59,3,2.61,0.76,0.14,mag-AB-extcorr-03-05-2023/090426A_magAB_extcorr.txt,mag-03-05-2023/090426A_mag.txt
090429B,14h02m49s,+32° 10',3,9.2,0.77,0.18,mag-AB-extcorr-03-05-2023/090429B_magAB_extcorr.txt,mag-03-05-2023/090429B_mag.txt
090510A,22h14m13s,-26° 34,3,1.6187,0.85,0.05,mag-AB-extcorr-03-05-2023/090510A_magAB_extcorr.txt,mag-03-05-2023/090510A_mag.txt
090516A,09h13m05s,-11° 51',3,4.109,0.97,0.02,mag-AB-extcorr-03-05-2023/090516A_magAB_extcorr.txt,mag-03-05-2023/090516A_mag.txt
090519A,09h29m10s,+00° 11',3,3.85,,,mag-AB-extcorr-03-05-2023/090519A_magAB_extcorr.txt,mag-03-05-2023/090519A_mag.txt
090529A,14h09m54s,+24° 26',3,2.63,0.1,0.45,mag-AB-extcorr-03-05-2023/090529A_magAB_extcorr.txt,mag-03-05-2023/090529A_mag.txt
090530A,11h57m35s,+26° 35',3,1.266,0.4,0.3,mag-AB-extcorr-03-05-2023/090530A_magAB_extcorr.txt,mag-03-05-2023/090530A_mag.txt
090618A,19h36m05s,+78° 21',3,0.54,0.71,0.02,mag-AB-extcorr-03-05-2023/090618A_magAB_extcorr.txt,mag-03-05-2023/090618A_mag.txt
090709A,19h19m44s,+60° 44',3,1.8,3.8,0.3,mag-AB-extcorr-03-05-2023/090709A_magAB_extcorr.txt,mag-03-05-2023/090709A_mag.txt
090715B,16h45m23s,+44° 50',3,3,1.84,0.02,mag-AB-extcorr-03-05-2023/090715B_magAB_extcorr.txt,mag-03-05-2023/090715B_mag.txt
090726A,16h35m16s,+72° 52',3,2.71,1.29,0.15,mag-AB-extcorr-03-05-2023/090726A_magAB_extcorr.txt,mag-03-05-2023/090726A_mag.txt
090809A,21h54m35s,-00° 05',3,2.737,,,mag-AB-extcorr-03-05-2023/090809A_magAB_extcorr.txt,mag-03-05-2023/090809A_mag.txt
090812A,23h32m47s,-10° 36',3,2.452,0.58,0.95,mag-AB-extcorr-03-05-2023/090812A_magAB_extcorr.txt,mag-03-05-2023/090812A_mag.txt
090814A,15h58m27s,+25° 36',3,0.696,,,mag-AB-extcorr-03-05-2023/090814A_magAB_extcorr.txt,mag-03-05-2023/090814A_mag.txt
090902B,17h40m00s,+27° 20',6,1.822,0.68,0.11,mag-AB-extcorr-03-05-2023/090902B_magAB_extcorr.txt,mag-03-05-2023/090902B_mag.txt
090926A,23h33m36s,-66° 19',3,2.1062,0.72,0.17,mag-AB-extcorr-03-05-2023/090926A_magAB_extcorr.txt,mag-03-05-2023/090926A_mag.txt
090926B,03h05m16s,-39° 01',3,1.24,,,mag-AB-extcorr-03-05-2023/090926B_magAB_extcorr.txt,mag-03-05-2023/090926B_mag.txt
090927A,22h55m49s,-70° 59',3,1.37,0.41,0.16,mag-AB-extcorr-03-05-2023/090927A_magAB_extcorr.txt,mag-03-05-2023/090927A_mag.txt
091003A,16h46m05s,+36° 38',13,0.8969,,,mag-AB-extcorr-03-05-2023/091003A_magAB_extcorr.txt,mag-03-05-2023/091003A_mag.txt
091018A,02h08m51s,-57° 32',3,0.971,0.57,0.01,mag-AB-extcorr-03-05-2023/091018A_magAB_extcorr.txt,mag-03-05-2023/091018A_mag.txt
091020A,11h42m52s,+50° 58',3,1.71,,,mag-AB-extcorr-03-05-2023/091020A_magAB_extcorr.txt,mag-03-05-2023/091020A_mag.txt
091024A,22h36m50s,+56° 52',3,1.09,0.64,0.29,mag-AB-extcorr-03-05-2023/091024A_magAB_extcorr.txt,mag-03-05-2023/091024A_mag.txt
091029A,04h00m44s,-56° 00',3,2.75,0.49,0.12,mag-AB-extcorr-03-05-2023/091029A_magAB_extcorr.txt,mag-03-05-2023/091029A_mag.txt
091109A,20h37m00s,-44° 11',3,3.076,,,mag-AB-extcorr-03-05-2023/091109A_magAB_extcorr.txt,mag-03-05-2023/091109A_mag.txt
091127A,02h26m17s,-18° 57',3,0.49,0.43,0.1,mag-AB-extcorr-03-05-2023/091127A_magAB_extcorr.txt,mag-03-05-2023/091127A_mag.txt
091208B,01h57m39s,+16° 53',3,1.063,0.75,0.02,mag-AB-extcorr-03-05-2023/091208B_magAB_extcorr.txt,mag-03-05-2023/091208B_mag.txt
100117A,00h45m02s,-01° 36',3,0.92,,,mag-AB-extcorr-03-05-2023/100117A_magAB_extcorr.txt,mag-03-05-2023/100117A_mag.txt
100219A,10h16m53s,-12° 34',3,4.67,0.66,0.13,mag-AB-extcorr-03-05-2023/100219A_magAB_extcorr.txt,mag-03-05-2023/100219A_mag.txt
100302A,13h01m23s,+74° 35',3,4.813,,,mag-AB-extcorr-03-05-2023/100302A_magAB_extcorr.txt,mag-03-05-2023/100302A_mag.txt
100316A,16h48m08s,+71° 50',3,3.155,,,mag-AB-extcorr-03-05-2023/100316A_magAB_extcorr.txt,mag-03-05-2023/100316A_mag.txt
100316B,10h54m00s,-45° 29',3,1.18,0.58,0.09,mag-AB-extcorr-03-05-2023/100316B_magAB_extcorr.txt,mag-03-05-2023/100316B_mag.txt
100316D,07h10m28s,-56° 09',3,0.06,0.94,0.05,mag-AB-extcorr-03-05-2023/100316D_magAB_extcorr.txt,mag-03-05-2023/100316D_mag.txt
100414A,12h14m28s,+20° 27',11,1.368,1.2,0.2,mag-AB-extcorr-03-05-2023/100414A_magAB_extcorr.txt,mag-03-05-2023/100414A_mag.txt
100418A,17h05m30s,+11° 28',3,0.62,0.98,0.09,mag-AB-extcorr-03-05-2023/100418A_magAB_extcorr.txt,mag-03-05-2023/100418A_mag.txt
100424A,13h57m49s,+01° 31',3,2.465,,,mag-AB-extcorr-03-05-2023/100424A_magAB_extcorr.txt,mag-03-05-2023/100424A_mag.txt
100425A,19h56m45s,-26° 26',3,1.755,,,mag-AB-extcorr-03-05-2023/100425A_magAB_extcorr.txt,mag-03-05-2023/100425A_mag.txt
100508A,05h05m00s,-20° 43',3,0.5201,0.4,0.12,mag-AB-extcorr-03-05-2023/100508A_magAB_extcorr.txt,mag-03-05-2023/100508A_mag.txt
100513A,11h18m19s,+03° 36',3,4.772,0.5,0.22,mag-AB-extcorr-03-05-2023/100513A_magAB_extcorr.txt,mag-03-05-2023/100513A_mag.txt
100518A,20h19m13s,-24° 32',3,4,,,mag-AB-extcorr-03-05-2023/100518A_magAB_extcorr.txt,mag-03-05-2023/100518A_mag.txt
100615A,11h48m50s,-19° 30',3,1.398,,,mag-AB-extcorr-03-05-2023/100615A_magAB_extcorr.txt,mag-03-05-2023/100615A_mag.txt
100621A,21h01m14s,-51° 05',3,0.54,0.8,0.1,mag-AB-extcorr-03-05-2023/100621A_magAB_extcorr.txt,mag-03-05-2023/100621A_mag.txt
100724A,12h58m16s,-11° 07',3,1.288,,,mag-AB-extcorr-03-05-2023/100724A_magAB_extcorr.txt,mag-03-05-2023/100724A_mag.txt
100728A,05h08m16s,-14° 20',3,1.567,,,mag-AB-extcorr-03-05-2023/100728A_magAB_extcorr.txt,mag-03-05-2023/100728A_mag.txt
100728B,02h56m13s,+00° 17',3,2.106,0.7,0.18,mag-AB-extcorr-03-05-2023/100728B_magAB_extcorr.txt,mag-03-05-2023/100728B_mag.txt
100814A,01h29m55s,-17° 59',3,1.439,0.47,0.05,mag-AB-extcorr-03-05-2023/100814A_magAB_extcorr.txt,mag-03-05-2023/100814A_mag.txt
100816A,23h26m58s,+26° 34',3,0.8049,,,mag-AB-extcorr-03-05-2023/100816A_magAB_extcorr.txt,mag-03-05-2023/100816A_mag.txt
100901A,01h48m59s,+22° 45',3,1.41,0.7,0.15,mag-AB-extcorr-03-05-2023/100901A_magAB_extcorr.txt,mag-03-05-2023/100901A_mag.txt
100905A,02h06m07s,+14° 56',3,7.9,0.79,0.34,mag-AB-extcorr-03-05-2023/100905A_magAB_extcorr.txt,mag-03-05-2023/100905A_mag.txt
100906A,01h54m50s,+55° 37',3,1.73,0.84,0.22,mag-AB-extcorr-03-05-2023/100906A_magAB_extcorr.txt,mag-03-05-2023/100906A_mag.txt
101219A,04h58m28s,-02° 32',3,0.718,,,mag-AB-extcorr-03-05-2023/101219A_magAB_extcorr.txt,mag-03-05-2023/101219A_mag.txt
101219B,00h49m02s,-34° 32',3,0.55,0.62,0.01,mag-AB-extcorr-03-05-2023/101219B_magAB_extcorr.txt,mag-03-05-2023/101219B_mag.txt
101225A,00h00m56s,+44° 36',3,0.33,0.9,0.5,mag-AB-extcorr-03-05-2023/101225A_magAB_extcorr.txt,mag-03-05-2023/101225A_mag.txt
110106B,08h56m47s,+47° 00',3,0.618,,,mag-AB-extcorr-03-05-2023/110106B_magAB_extcorr.txt,mag-03-05-2023/110106B_mag.txt
110128A,12h55m30s,+28° 05',3,2.339,,,mag-AB-extcorr-03-05-2023/110128A_magAB_extcorr.txt,mag-03-05-2023/110128A_mag.txt
110205A,10h58m21s,+67° 31',3,2.21,0.55,0.11,mag-AB-extcorr-03-05-2023/110205A_magAB_extcorr.txt,mag-03-05-2023/110205A_mag.txt
110213A,02h52m01s,+49° 17',3,1.4607,1.12,0.24,mag-AB-extcorr-03-05-2023/110213A_magAB_extcorr.txt,mag-03-05-2023/110213A_mag.txt
110213B,02h46m27s,+01° 11',10,1.083,1.3,0.46,mag-AB-extcorr-03-05-2023/110213B_magAB_extcorr.txt,mag-03-05-2023/110213B_mag.txt
110422A,07h27m59s,+75° 06',3,1.77,0.8,0.07,mag-AB-extcorr-03-05-2023/110422A_magAB_extcorr.txt,mag-03-05-2023/110422A_mag.txt
110503A,08h51m12s,+52° 13',3,1.613,,,mag-AB-extcorr-03-05-2023/110503A_magAB_extcorr.txt,mag-03-05-2023/110503A_mag.txt
110715A,15h50m38s,-46° 14',3,0.82,0.9,0.22,mag-AB-extcorr-03-05-2023/110715A_magAB_extcorr.txt,mag-03-05-2023/110715A_mag.txt
110731A,18h42m05s,-28° 33',3,2.83,0.66,0.03,mag-AB-extcorr-03-05-2023/110731A_magAB_extcorr.txt,mag-03-05-2023/110731A_mag.txt
110801A,05h59m22s,+80° 59',3,1.858,1,0.1,mag-AB-extcorr-03-05-2023/110801A_magAB_extcorr.txt,mag-03-05-2023/110801A_mag.txt
110808A,03h49m03s,-44° 11',3,1.348,,,mag-AB-extcorr-03-05-2023/110808A_magAB_extcorr.txt,mag-03-05-2023/110808A_mag.txt
110818A,21h09m32s,-63° 58',3,3.36,0.48,0.09,mag-AB-extcorr-03-05-2023/110818A_magAB_extcorr.txt,mag-03-05-2023/110818A_mag.txt
110918A,02h10m18s,-27° 17',3*20,0.982,0.7,0.02,mag-AB-extcorr-03-05-2023/110918A_magAB_extcorr.txt,mag-03-05-2023/110918A_mag.txt
111005A,14h53m08s,-19° 44',3,0.013,1.4,0.2,mag-AB-extcorr-03-05-2023/111005A_magAB_extcorr.txt,mag-03-05-2023/111005A_mag.txt
111008A,04h01m49s,-32° 41',3,4.9898,0.35,0.11,mag-AB-extcorr-03-05-2023/111008A_magAB_extcorr.txt,mag-03-05-2023/111008A_mag.txt
111107A,08h37m56s,-66° 30',3,2.893,1.1,0.14,mag-AB-extcorr-03-05-2023/111107A_magAB_extcorr.txt,mag-03-05-2023/111107A_mag.txt
111117A,00h50m49s,+23° 01',3,2.211,,,mag-AB-extcorr-03-05-2023/111117A_magAB_extcorr.txt,mag-03-05-2023/111117A_mag.txt
111123A,10h19m24s,-20° 38',3,3.1516,0.41,0.13,mag-AB-extcorr-03-05-2023/111123A_magAB_extcorr.txt,mag-03-05-2023/111123A_mag.txt
111129A,20h29m46s,-52° 43',3,1.0796,,,mag-AB-extcorr-03-05-2023/111129A_magAB_extcorr.txt,mag-03-05-2023/111129A_mag.txt
111209A,00h57m26s,-46° 47',3,0.68,1.096,0.101,mag-AB-extcorr-03-05-2023/111209A_magAB_extcorr.txt,mag-03-05-2023/111209A_mag.txt
111211A,10h12m22s,+11° 11',3,0.478,,,mag-AB-extcorr-03-05-2023/111211A_magAB_extcorr.txt,mag-03-05-2023/111211A_mag.txt
111225A,00h52m24s,+51° 35',3,0.297,,,mag-AB-extcorr-03-05-2023/111225A_magAB_extcorr.txt,mag-03-05-2023/111225A_mag.txt
111228A,10h00m19s,+18° 18',3,0.714,0.69,0.07,mag-AB-extcorr-03-05-2023/111228A_magAB_extcorr.txt,mag-03-05-2023/111228A_mag.txt
111229A,05h05m08s,-84° 43',3,1.3805,0.72,0.06,mag-AB-extcorr-03-05-2023/111229A_magAB_extcorr.txt,mag-03-05-2023/111229A_mag.txt
120119A,08h00m07s,-09° 04',3,3.1,0.89,0.01,mag-AB-extcorr-03-05-2023/120119A_magAB_extcorr.txt,mag-03-05-2023/120119A_mag.txt
120326A,18h15m42s,+69° 17',3,1.798,1.18,0.17,mag-AB-extcorr-03-05-2023/120326A_magAB_extcorr.txt,mag-03-05-2023/120326A_mag.txt
120327A,16h27m19s,-29° 25',3,2.813,0.55,0.04,mag-AB-extcorr-03-05-2023/120327A_magAB_extcorr.txt,mag-03-05-2023/120327A_mag.txt
120404A,15h40m03s,+12° 53',3,2.87,1.05,0.09,mag-AB-extcorr-03-05-2023/120404A_magAB_extcorr.txt,mag-03-05-2023/120404A_mag.txt
120422A,09h07m43s,+14° 00',3,0.283,0.5,0.05,mag-AB-extcorr-03-05-2023/120422A_magAB_extcorr.txt,mag-03-05-2023/120422A_mag.txt
120521C,14h17m09s,+42° 07',3,6,0.16,0.3,mag-AB-extcorr-03-05-2023/120521C_magAB_extcorr.txt,mag-03-05-2023/120521C_mag.txt
120624B,11h23m46s,+08° 56',3,2.1974,,,mag-AB-extcorr-03-05-2023/120624B_magAB_extcorr.txt,mag-03-05-2023/120624B_mag.txt
120711A,06h18m49s,-71° 01',3,1.405,0.53,0.02,mag-AB-extcorr-03-05-2023/120711A_magAB_extcorr.txt,mag-03-05-2023/120711A_mag.txt
120712A,11h18m25s,-20° 04',3,4.1745,0.61,0.24,mag-AB-extcorr-03-05-2023/120712A_magAB_extcorr.txt,mag-03-05-2023/120712A_mag.txt
120714B,23h41m44s,-46° 11',3,0.3984,0.7,0.4,mag-AB-extcorr-03-05-2023/120714B_magAB_extcorr.txt,mag-03-05-2023/120714B_mag.txt
120716A,20h52m21s,+09° 33',121*30,2.486,,,mag-AB-extcorr-03-05-2023/120716A_magAB_extcorr.txt,mag-03-05-2023/120716A_mag.txt
120722A,15h21m58s,+13° 15',3,0.9586,,,mag-AB-extcorr-03-05-2023/120722A_magAB_extcorr.txt,mag-03-05-2023/120722A_mag.txt
120724A,16h20m46s,+03° 31',3,1.48,,,mag-AB-extcorr-03-05-2023/120724A_magAB_extcorr.txt,mag-03-05-2023/120724A_mag.txt
120729A,00h52m13s,+49° 56',3,0.8,1,0.1,mag-AB-extcorr-03-05-2023/120729A_magAB_extcorr.txt,mag-03-05-2023/120729A_mag.txt
120802A,02h59m24s ,+13° 45',3,3.796,,,mag-AB-extcorr-03-05-2023/120802A_magAB_extcorr.txt,mag-03-05-2023/120802A_mag.txt
120805A,14h26m08s,+05° 48',3,3.1,,,mag-AB-extcorr-03-05-2023/120805A_magAB_extcorr.txt,mag-03-05-2023/120805A_mag.txt
120811C,13h18m50s,+62° 17',3,2.671,,,mag-AB-extcorr-03-05-2023/120811C_magAB_extcorr.txt,mag-03-05-2023/120811C_mag.txt
120815A,18h15m40s,-52° 08',3,2.36,0.78,0.01,mag-AB-extcorr-03-05-2023/120815A_magAB_extcorr.txt,mag-03-05-2023/120815A_mag.txt
120907A,04h58m58s,-09° 18',3,0.97,0.8,0.1,mag-AB-extcorr-03-05-2023/120907A_magAB_extcorr.txt,mag-03-05-2023/120907A_mag.txt
120909A,18h22m44s,-59° 26',3,3.93,,,mag-AB-extcorr-03-05-2023/120909A_magAB_extcorr.txt,mag-03-05-2023/120909A_mag.txt
120922A,15h39m01s,-20° 11',3,3.1,0.5,0.2,mag-AB-extcorr-03-05-2023/120922A_magAB_extcorr.txt,mag-03-05-2023/120922A_mag.txt
120923A,20h15m11s,+06° 14',3,7.8,0.91,0.16,mag-AB-extcorr-03-05-2023/120923A_magAB_extcorr.txt,mag-03-05-2023/120923A_mag.txt
121024A,04h41m52s,-12° 16',3,2.298,0.88,0.01,mag-AB-extcorr-03-05-2023/121024A_magAB_extcorr.txt,mag-03-05-2023/121024A_mag.txt
121027A,04h14m26s,-58° 48',3,1.773,,,mag-AB-extcorr-03-05-2023/121027A_magAB_extcorr.txt,mag-03-05-2023/121027A_mag.txt
121128A,20h02m20s,+54° 19',3,2.2,1,0.08,mag-AB-extcorr-03-05-2023/121128A_magAB_extcorr.txt,mag-03-05-2023/121128A_mag.txt
121201A,00h53m57s,-42° 57',3,3.385,0.52,0.12,mag-AB-extcorr-03-05-2023/121201A_magAB_extcorr.txt,mag-03-05-2023/121201A_mag.txt
121209A,21h47m12s,-08° 15',3,2.1,,,mag-AB-extcorr-03-05-2023/121209A_magAB_extcorr.txt,mag-03-05-2023/121209A_mag.txt
121211A,13h02m11s,+30° 10',3,1.023,,,mag-AB-extcorr-03-05-2023/121211A_magAB_extcorr.txt,mag-03-05-2023/121211A_mag.txt
121217A,10h14m54s,-62° 18',3,3.1,0.87,0.04,mag-AB-extcorr-03-05-2023/121217A_magAB_extcorr.txt,mag-03-05-2023/121217A_mag.txt
121229A,12h40m24s,-50° 36',3,2.707,0.8,0.2,mag-AB-extcorr-03-05-2023/121229A_magAB_extcorr.txt,mag-03-05-2023/121229A_mag.txt
130215A,02h53m55s,+13° 22',3,0.6,0.9,0.2,mag-AB-extcorr-03-05-2023/130215A_magAB_extcorr.txt,mag-03-05-2023/130215A_mag.txt
130408A,08h57m36s,-32° 22',3,3.757,0.55,0.11,mag-AB-extcorr-03-05-2023/130408A_magAB_extcorr.txt,mag-03-05-2023/130408A_mag.txt
130418A,09h56m10s,+13° 39',3,1.218,1.01,0.09,mag-AB-extcorr-03-05-2023/130418A_magAB_extcorr.txt,mag-03-05-2023/130418A_mag.txt
130420A,13h04m24s,+59° 25',3,1.297,0.65,0.06,mag-AB-extcorr-03-05-2023/130420A_magAB_extcorr.txt,mag-03-05-2023/130420A_mag.txt
130427A,11h32m33s,+27° 41',3,0.34,0.92,0.1,mag-AB-extcorr-03-05-2023/130427A_magAB_extcorr.txt,mag-03-05-2023/130427A_mag.txt
130427B,20h59m34s,-22° 32',3,2.78,,,mag-AB-extcorr-03-05-2023/130427B_magAB_extcorr.txt,mag-03-05-2023/130427B_mag.txt
130505A,09h08m14s,+17° 29',3,2.27,,,mag-AB-extcorr-03-05-2023/130505A_magAB_extcorr.txt,mag-03-05-2023/130505A_mag.txt
130511A,13h06m33s,+18° 42',3,1.3033,,,mag-AB-extcorr-03-05-2023/130511A_magAB_extcorr.txt,mag-03-05-2023/130511A_mag.txt
130514A,19h45m06s,-07° 57',3,3.6,,,mag-AB-extcorr-03-05-2023/130514A_magAB_extcorr.txt,mag-03-05-2023/130514A_mag.txt
130518A,23h43m14s,+47° 38',20,2.488,,,mag-AB-extcorr-03-05-2023/130518A_magAB_extcorr.txt,mag-03-05-2023/130518A_mag.txt
130603B,11h28m50s,+17° 03',3,0.3564,0.54,0.12,mag-AB-extcorr-03-05-2023/130603B_magAB_extcorr.txt,mag-03-05-2023/130603B_mag.txt
130604A,16h40m19s,+68° 13',3,1.06,,,mag-AB-extcorr-03-05-2023/130604A_magAB_extcorr.txt,mag-03-05-2023/130604A_mag.txt
130606A,16h37m37s,+29° 47',3,5.91,1.01,0.02,mag-AB-extcorr-03-05-2023/130606A_magAB_extcorr.txt,mag-03-05-2023/130606A_mag.txt
130610A,14h57m40s,+28° 11',3,2.092,0.85,0.07,mag-AB-extcorr-03-05-2023/130610A_magAB_extcorr.txt,mag-03-05-2023/130610A_mag.txt
130612A,17h19m13s,+16° 42',3,2.006,,,mag-AB-extcorr-03-05-2023/130612A_magAB_extcorr.txt,mag-03-05-2023/130612A_mag.txt
130701A,23h48m52s,+36° 06',3,1.155,0.75,0.02,mag-AB-extcorr-03-05-2023/130701A_magAB_extcorr.txt,mag-03-05-2023/130701A_mag.txt
130702A,15h12m36s,+16° 35',412,0.15,0.52,0.19,mag-AB-extcorr-03-05-2023/130702A_magAB_extcorr.txt,mag-03-05-2023/130702A_mag.txt
130831A,23h54m36s,+29° 27',3,0.48,1,0.05,mag-AB-extcorr-03-05-2023/130831A_magAB_extcorr.txt,mag-03-05-2023/130831A_mag.txt
130907A,14h23m31s,+45° 37',3,1.238,0.33,0.05,mag-AB-extcorr-03-05-2023/130907A_magAB_extcorr.txt,mag-03-05-2023/130907A_mag.txt
130925A,02h44m44s, -26° 08',3,0.347,0.32,0.03,mag-AB-extcorr-03-05-2023/130925A_magAB_extcorr.txt,mag-03-05-2023/130925A_mag.txt
131004A,19h44m36s,-02° 58',3,0.717,,,mag-AB-extcorr-03-05-2023/131004A_magAB_extcorr.txt,mag-03-05-2023/131004A_mag.txt
131011A,01h27m41s,+09° 33',315,1.874,,,mag-AB-extcorr-03-05-2023/131011A_magAB_extcorr.txt,mag-03-05-2023/131011A_mag.txt
131030A,23h00m19s,-05° 23',3,1.295,1.08,0.23,mag-AB-extcorr-03-05-2023/131030A_magAB_extcorr.txt,mag-03-05-2023/131030A_mag.txt
131103A,23h15m49s,-44° 40',3,0.599,,,mag-AB-extcorr-03-05-2023/131103A_magAB_extcorr.txt,mag-03-05-2023/131103A_mag.txt
131105A,04h44m03s,-62° 59',3,1.686,,,mag-AB-extcorr-03-05-2023/131105A_magAB_extcorr.txt,mag-03-05-2023/131105A_mag.txt
131108A,10h25m53s,+09° 54',30,2.4,,,mag-AB-extcorr-03-05-2023/131108A_magAB_extcorr.txt,mag-03-05-2023/131108A_mag.txt
131117A,22h09m21s,-31° 43',3,4.042,0.35,0.08,mag-AB-extcorr-03-05-2023/131117A_magAB_extcorr.txt,mag-03-05-2023/131117A_mag.txt
131231A,00h42m20s,-01° 51',9,0.642,,,mag-AB-extcorr-03-05-2023/131231A_magAB_extcorr.txt,mag-03-05-2023/131231A_mag.txt
140114A,12h33m56s,+12° 35',3,3,0.26,0.06,mag-AB-extcorr-03-05-2023/140114A_magAB_extcorr.txt,mag-03-05-2023/140114A_mag.txt
140206A,09h41m24s,+66° 45',3,2.73,0.8,0.05,mag-AB-extcorr-03-05-2023/140206A_magAB_extcorr.txt,mag-03-05-2023/140206A_mag.txt
140213A,07h00m52s,-73° 08',3,1.2076,0.8,0.1,mag-AB-extcorr-03-05-2023/140213A_magAB_extcorr.txt,mag-03-05-2023/140213A_mag.txt
140226A,14h45m58s,+15° 00',0.1,1.98,0.63,0.1,mag-AB-extcorr-03-05-2023/140226A_magAB_extcorr.txt,mag-03-05-2023/140226A_mag.txt
140301A,04h38m11s,-34° 17',3,1.416,,,mag-AB-extcorr-03-05-2023/140301A_magAB_extcorr.txt,mag-03-05-2023/140301A_mag.txt
140304A,02h02m40s,+33° 29',3,5.283,0.95,0.04,mag-AB-extcorr-03-05-2023/140304A_magAB_extcorr.txt,mag-03-05-2023/140304A_mag.txt
140311A,13h57m12s,+00° 37',3,4.954,0.85,0.02,mag-AB-extcorr-03-05-2023/140311A_magAB_extcorr.txt,mag-03-05-2023/140311A_mag.txt
140318A,12h16m13s,+20° 12',3,1.02,0.79,0.55,mag-AB-extcorr-03-05-2023/140318A_magAB_extcorr.txt,mag-03-05-2023/140318A_mag.txt
140419A,08h28m00s, +46° 13',3,3.956,0.61,0.01,mag-AB-extcorr-03-05-2023/140419A_magAB_extcorr.txt,mag-03-05-2023/140419A_mag.txt
140423A,13h09m10s,+49° 49',3,3.26,0.95,0.08,mag-AB-extcorr-03-05-2023/140423A_magAB_extcorr.txt,mag-03-05-2023/140423A_mag.txt
140428A,12h57m22s,+28° 21',3,4.7,0.86,0.06,mag-AB-extcorr-03-05-2023/140428A_magAB_extcorr.txt,mag-03-05-2023/140428A_mag.txt
140430A,06h51m43s,+23° 01',3,1.6,0.65,0.06,mag-AB-extcorr-03-05-2023/140430A_magAB_extcorr.txt,mag-03-05-2023/140430A_mag.txt
140506A,18h27m10s,-55° 34',3,0.889,0.24,0.27,mag-AB-extcorr-03-05-2023/140506A_magAB_extcorr.txt,mag-03-05-2023/140506A_mag.txt
140508A,17h02m31s,+46° 45',90*12,1.027,1.12,0.1,mag-AB-extcorr-03-05-2023/140508A_magAB_extcorr.txt,mag-03-05-2023/140508A_mag.txt
140509A,03h06m26s,-62° 39',3,2.4,,,mag-AB-extcorr-03-05-2023/140509A_magAB_extcorr.txt,mag-03-05-2023/140509A_mag.txt
140512A,19h17m29s,-15° 06',3,0.725,0.86,0.01,mag-AB-extcorr-03-05-2023/140512A_magAB_extcorr.txt,mag-03-05-2023/140512A_mag.txt
140515A,12h24m09s,+15° 05',3,6.32,0.77,0.04,mag-AB-extcorr-03-05-2023/140515A_magAB_extcorr.txt,mag-03-05-2023/140515A_mag.txt
140518A,15h08m55s,+42° 24',3,4.707,0.34,0.11,mag-AB-extcorr-03-05-2023/140518A_magAB_extcorr.txt,mag-03-05-2023/140518A_mag.txt
140606B,21h51m00s,+33° 41',180,0.384,1.39,0.02,mag-AB-extcorr-03-05-2023/140606B_magAB_extcorr.txt,mag-03-05-2023/140606B_mag.txt
140614A,15h24m56s,-79° 06',3,4.233,0.6,0.05,mag-AB-extcorr-03-05-2023/140614A_magAB_extcorr.txt,mag-03-05-2023/140614A_mag.txt
140620A,18h47m29s,+49° 44',120,2.04,,,mag-AB-extcorr-03-05-2023/140620A_magAB_extcorr.txt,mag-03-05-2023/140620A_mag.txt
140623A,13h13m00s,+75° 48',336,1.92,,,mag-AB-extcorr-03-05-2023/140623A_magAB_extcorr.txt,mag-03-05-2023/140623A_mag.txt
140629A,16h35m56s,+41° 53',3,2.275,0.9,0.05,mag-AB-extcorr-03-05-2023/140629A_magAB_extcorr.txt,mag-03-05-2023/140629A_mag.txt
140703A,00h51m58s,+45° 06',3,3.14,0.85,0.07,mag-AB-extcorr-03-05-2023/140703A_magAB_extcorr.txt,mag-03-05-2023/140703A_mag.txt
140710A,02h44m21s,+35° 30',3,0.558,0.34,0.07,mag-AB-extcorr-03-05-2023/140710A_magAB_extcorr.txt,mag-03-05-2023/140710A_mag.txt
140801A,03h01m00s,-30° 53',240,1.32,0.47,,mag-AB-extcorr-03-05-2023/140801A_magAB_extcorr.txt,mag-03-05-2023/140801A_mag.txt
140808A,14h26m05s,+48° 36',220,3.29,,,mag-AB-extcorr-03-05-2023/140808A_magAB_extcorr.txt,mag-03-05-2023/140808A_mag.txt
140903A,15h52m09s,+27° 35',3,0.351,0.76,0.12,mag-AB-extcorr-03-05-2023/140903A_magAB_extcorr.txt,mag-03-05-2023/140903A_mag.txt
140907A,03h12m35s,+46° 36',3,1.21,1.2,0.12,mag-AB-extcorr-03-05-2023/140907A_magAB_extcorr.txt,mag-03-05-2023/140907A_mag.txt
141004A,05h06m56s,+12° 49',3,0.573,,,mag-AB-extcorr-03-05-2023/141004A_magAB_extcorr.txt,mag-03-05-2023/141004A_mag.txt
141028A,21h30m48s,-00° 17',24,2.33,1.29,0.07,mag-AB-extcorr-03-05-2023/141028A_magAB_extcorr.txt,mag-03-05-2023/141028A_mag.txt
141109A,09h38m02s,-00° 36',3,2.993,,,mag-AB-extcorr-03-05-2023/141109A_magAB_extcorr.txt,mag-03-05-2023/141109A_mag.txt
141121A,08h10m40s,+22° 14',3,1.47,0.84,0.47,mag-AB-extcorr-03-05-2023/141121A_magAB_extcorr.txt,mag-03-05-2023/141121A_mag.txt
141220A,13h00m12s,+32° 09',3,1.3195,0.6,0.2,mag-AB-extcorr-03-05-2023/141220A_magAB_extcorr.txt,mag-03-05-2023/141220A_mag.txt
141221A,13h13m05s,+08° 13',3,1.45,0.64,0.03,mag-AB-extcorr-03-05-2023/141221A_magAB_extcorr.txt,mag-03-05-2023/141221A_mag.txt
141225A,09h15m00s,+33° 48',3,0.915,,,mag-AB-extcorr-03-05-2023/141225A_magAB_extcorr.txt,mag-03-05-2023/141225A_mag.txt
150101B,12h32m10s,-10° 57',3,0.134,,,mag-AB-extcorr-03-05-2023/150101B_magAB_extcorr.txt,mag-03-05-2023/150101B_mag.txt
150120B,02h37m11s,+08° 05',3,3.5,,,mag-AB-extcorr-03-05-2023/150120B_magAB_extcorr.txt,mag-03-05-2023/150120B_mag.txt
150206A,00h40m21s,-63° 11',3,2.087,,,mag-AB-extcorr-03-05-2023/150206A_magAB_extcorr.txt,mag-03-05-2023/150206A_mag.txt
150301B,05h56m38s,-57° 59',3,1.5169,,,mag-AB-extcorr-03-05-2023/150301B_magAB_extcorr.txt,mag-03-05-2023/150301B_mag.txt
150314A,08h26m38s,+63° 50',3,1.758,,,mag-AB-extcorr-03-05-2023/150314A_magAB_extcorr.txt,mag-03-05-2023/150314A_mag.txt
150323A,08h32m46s,+45° 26',3,0.593,1.1,0.21,mag-AB-extcorr-03-05-2023/150323A_magAB_extcorr.txt,mag-03-05-2023/150323A_mag.txt
150403A,20h46m01s,-62° 42',3,2.06,,,mag-AB-extcorr-03-05-2023/150403A_magAB_extcorr.txt,mag-03-05-2023/150403A_mag.txt
150413A,12h41m32s,+71° 49',3,3.139,0.77,0.09,mag-AB-extcorr-03-05-2023/150413A_magAB_extcorr.txt,mag-03-05-2023/150413A_mag.txt
150423A,14h46m24s,+12° 17',3,1.394,0.8,0.3,mag-AB-extcorr-03-05-2023/150423A_magAB_extcorr.txt,mag-03-05-2023/150423A_mag.txt
150514A,04h59m24s,-60° 55',7,0.807,,,mag-AB-extcorr-03-05-2023/150514A_magAB_extcorr.txt,mag-03-05-2023/150514A_mag.txt
150518A,15h36m50s, +16° 16',60,0.256,,,mag-AB-extcorr-03-05-2023/150518A_magAB_extcorr.txt,mag-03-05-2023/150518A_mag.txt
150727A,13h35m58s,-18° 21',3,0.313,,,mag-AB-extcorr-03-05-2023/150727A_magAB_extcorr.txt,mag-03-05-2023/150727A_mag.txt
150728A,19h29m09s,+33° 54',3,0.46,,,mag-AB-extcorr-03-05-2023/150728A_magAB_extcorr.txt,mag-03-05-2023/150728A_mag.txt
150818A,15h21m47s,+68° 21',3,0.282,,,mag-AB-extcorr-03-05-2023/150818A_magAB_extcorr.txt,mag-03-05-2023/150818A_mag.txt
150821A,22h47m37s,-57° 52',3,0.755,,,mag-AB-extcorr-03-05-2023/150821A_magAB_extcorr.txt,mag-03-05-2023/150821A_mag.txt
150910A,00h22m42s,+33° 30',3,1.3585,0.53,0.14,mag-AB-extcorr-03-05-2023/150910A_magAB_extcorr.txt,mag-03-05-2023/150910A_mag.txt
150915A,21h18m55s,-34° 51',3,1.968,,,mag-AB-extcorr-03-05-2023/150915A_magAB_extcorr.txt,mag-03-05-2023/150915A_mag.txt
151021A,22h30m27s,-33° 12',3,2.33,,,mag-AB-extcorr-03-05-2023/151021A_magAB_extcorr.txt,mag-03-05-2023/151021A_mag.txt
151027A,18h09m58s,+61° 23',3,0.81,,,mag-AB-extcorr-03-05-2023/151027A_magAB_extcorr.txt,mag-03-05-2023/151027A_mag.txt
151027B,05h04m57s,-06° 26',3,4.063,0.5,0.05,mag-AB-extcorr-03-05-2023/151027B_magAB_extcorr.txt,mag-03-05-2023/151027B_mag.txt
151029A,02h34m08s,-35° 22',3,1.423,1.5,0.39,mag-AB-extcorr-03-05-2023/151029A_magAB_extcorr.txt,mag-03-05-2023/151029A_mag.txt
151031A,05h32m48s,-39° 05',3,1.167,,,mag-AB-extcorr-03-05-2023/151031A_magAB_extcorr.txt,mag-03-05-2023/151031A_mag.txt
151111A,03h47m19s,-44° 10',3,3.5,,,mag-AB-extcorr-03-05-2023/151111A_magAB_extcorr.txt,mag-03-05-2023/151111A_mag.txt
151112A,00h08m11s,-61° 42',3,4.1,0.71,0.06,mag-AB-extcorr-03-05-2023/151112A_magAB_extcorr.txt,mag-03-05-2023/151112A_mag.txt
151215A,06h14m23s,+35° 31',3,2.59,,,mag-AB-extcorr-03-05-2023/151215A_magAB_extcorr.txt,mag-03-05-2023/151215A_mag.txt
160117B,08h48m46s,-16° 20',3,0.87,,,mag-AB-extcorr-03-05-2023/160117B_magAB_extcorr.txt,mag-03-05-2023/160117B_mag.txt
160121A,07h16m19s,-23° 35',3,1.96,,,mag-AB-extcorr-03-05-2023/160121A_magAB_extcorr.txt,mag-03-05-2023/160121A_mag.txt
160131A,05h12m44s,-07° 04',3,0.972,1.09,0.04,mag-AB-extcorr-03-05-2023/160131A_magAB_extcorr.txt,mag-03-05-2023/160131A_Mag.txt
160203A,10h47m48s,-24° 46',3,3.52,,,mag-AB-extcorr-03-05-2023/160203A_magAB_extcorr.txt,mag-03-05-2023/160203A_mag.txt
160227A,12h59m09s,+78° 38',3,2.38,0.7,0.07,mag-AB-extcorr-03-05-2023/160227A_magAB_extcorr.txt,mag-03-05-2023/160227A_mag.txt
160228A,07h09m17s,+26° 57',3,1.64,,,mag-AB-extcorr-03-05-2023/160228A_magAB_extcorr.txt,mag-03-05-2023/160228A_mag.txt
160314A,07h31m07s,+17° 00',3,0.726,0.9,0.15,mag-AB-extcorr-03-05-2023/160314A_magAB_extcorr.txt,mag-03-05-2023/160314A_mag.txt
160410A,10h02m43s,+03° 27',3,1.717,0.46,0.25,mag-AB-extcorr-03-05-2023/160410A_magAB_extcorr.txt,mag-03-05-2023/160410A_mag.txt
160425A,18h41m15s,-54° 22',3,0.555,1.5,0.15,mag-AB-extcorr-03-05-2023/160425A_magAB_extcorr.txt,mag-03-05-2023/160425A_mag.txt
160509A,20h40m24s,+76° 00',30,1.17,0.63,0.19,mag-AB-extcorr-03-05-2023/160509A_magAB_extcorr.txt,mag-03-05-2023/160509A_mag.txt
160623A,21h00m58s,+42° 16',6,0.367,,,mag-AB-extcorr-03-05-2023/160623A_magAB_extcorr.txt,mag-03-05-2023/160623A_mag.txt
160625B,20h33m04s,+06° 54',3,1.406,0.68,0.07,mag-AB-extcorr-03-05-2023/160625B_magAB_extcorr.txt,mag-03-05-2023/160625B_mag.txt
160629A,00h19m17s,+76° 59',3.1,3.332,,,mag-AB-extcorr-03-05-2023/160629A_magAB_extcorr.txt,mag-03-05-2023/160629A_mag.txt
160804A,14h46m33s,+10° 00',3,0.736,0.9,0.12,mag-AB-extcorr-03-05-2023/160804A_magAB_extcorr.txt,mag-03-05-2023/160804A_mag.txt
160821B,18h39m57s,+62° 24',3,0.16,0.66,0.03,mag-AB-extcorr-03-05-2023/160821B_magAB_extcorr.txt,mag-03-05-2023/160821B_mag.txt
161014A,22h10m31s,+07° 29',3,2.823,0.8,0.11,mag-AB-extcorr-03-05-2023/161014A_magAB_extcorr.txt,mag-03-05-2023/161014A_mag.txt
161017A,09h31m04s,+43° 08',3,2.013,0.92,0.02,mag-AB-extcorr-03-05-2023/161017A_magAB_extcorr.txt,mag-03-05-2023/161017A_mag.txt
161023A,20h44m08s,-47° 40',2.6,2.71,0.66,0.08,mag-AB-extcorr-03-05-2023/161023A_magAB_extcorr.txt,mag-03-05-2023/161023A_mag.txt
161108A,12h03m08s,+24° 52',3,1.159,,,mag-AB-extcorr-03-05-2023/161108A_magAB_extcorr.txt,mag-03-05-2023/161108A_mag.txt
161117A,21h28m17s,-29° 38',3,1.549,,,mag-AB-extcorr-03-05-2023/161117A_magAB_extcorr.txt,mag-03-05-2023/161117A_mag.txt
161129A,21h04m46s,+32° 07',3,0.645,,,mag-AB-extcorr-03-05-2023/161129A_magAB_extcorr.txt,mag-03-05-2023/161129A_mag.txt
161219B,06h06m52s,-26° 47',3,0.1475,0.32,0.01,mag-AB-extcorr-03-05-2023/161219B_magAB_extcorr.txt,mag-03-05-2023/161219B_mag.txt
170113A,04h06m36s,-71° 55',3,1.968,0.8,0.07,mag-AB-extcorr-03-05-2023/170113A_magAB_extcorr.txt,mag-03-05-2023/170113A_mag.txt
170202A,10h10m07s,+05° 00',3,3.645,0.47,0.13,mag-AB-extcorr-03-05-2023/170202A_magAB_extcorr.txt,mag-03-05-2023/170202A_mag.txt
170214A,17h05m19s,-01° 53',4.8,2.53,,,mag-AB-extcorr-03-05-2023/170214A_magAB_extcorr.txt,mag-03-05-2023/170214A_mag.txt
170405A,14h39m14s,-25° 15',3,3.51,0.8,0.09,mag-AB-extcorr-03-05-2023/170405A_magAB_extcorr.txt,mag-03-05-2023/170405A_mag.txt
170428A,22h00m15s,+26° 55',3,0.454,,,mag-AB-extcorr-03-05-2023/170428A_magAB_extcorr.txt,mag-03-05-2023/170428A_mag.txt
170519A,10h53m48s,+25° 23',3,0.818,,,mag-AB-extcorr-03-05-2023/170519A_magAB_extcorr.txt,mag-03-05-2023/170519A_mag.txt
170531B,19h07m35s,-16° 26',3,2.366,,,mag-AB-extcorr-03-05-2023/170531B_magAB_extcorr.txt,mag-03-05-2023/170531B_mag.txt
170604A,22h50m35s,-15° 25',3,1.329,0.8,0.08,mag-AB-extcorr-03-05-2023/170604A_magAB_extcorr.txt,mag-03-05-2023/170604A_mag.txt
170607A,00h29m22s,+09° 14',3,0.557,0.9,0.07,mag-AB-extcorr-03-05-2023/170607A_magAB_extcorr.txt,mag-03-05-2023/170607A_mag.txt
170705A,12h46m49s,+18° 18',3,2.01,,,mag-AB-extcorr-03-05-2023/170705A_magAB_extcorr.txt,mag-03-05-2023/170705A_mag.txt
170714A,02h17m17s,+01° 59',3,0.793,0.9,0.05,mag-AB-extcorr-03-05-2023/170714A_magAB_extcorr.txt,mag-03-05-2023/170714A_mag.txt
170817A,12h47m00s,-39° 48',700,0.009783,0.58,0.01,mag-AB-extcorr-03-05-2023/170817A_magAB_extcorr.txt,mag-03-05-2023/170817A_mag.txt
171010A,04h26m58s,-10° 32',14,0.3285,1.33,0.29,mag-AB-extcorr-03-05-2023/171010A_magAB_extcorr.txt,mag-03-05-2023/171010A_mag.txt
171020A,02h37m03s,+15° 11',3,1.87,,,mag-AB-extcorr-03-05-2023/171020A_magAB_extcorr.txt,mag-03-05-2023/171020A_mag.txt
171205A,11h09m47s,-12° 36',3,0.0368,,,mag-AB-extcorr-03-05-2023/171205A_magAB_extcorr.txt,mag-03-05-2023/171205A_mag.txt
171222A,09h53m10s,+35° 37',3,2.409,,,mag-AB-extcorr-03-05-2023/171222A_magAB_extcorr.txt,mag-03-05-2023/171222A_mag.txt
180115A,0h48m18s,-15° 36',,2.487,,,mag-AB-extcorr-03-05-2023/180115A_magAB_extcorr.txt,mag-03-05-2023/180115A_mag.txt
180205A,08h27m17s,+11° 33',3,1.409,0.52,0.02,mag-AB-extcorr-03-05-2023/180205A_magAB_extcorr.txt,mag-03-05-2023/180205A_mag.txt
180314A,06h37m06s,-24° 29',,1.445,,,mag-AB-extcorr-03-05-2023/180314A_magAB_extcorr.txt,mag-03-05-2023/180314A_mag.txt
180325A,10h29m44s,+24° 26',3,2.248,0.45,0.01,mag-AB-extcorr-03-05-2023/180325A_magAB_extcorr.txt,mag-03-05-2023/180325A_mag.txt
180329B,05h31m40s,-23° 42',3,1.998,,,mag-AB-extcorr-03-05-2023/180329B_magAB_extcorr.txt,mag-03-05-2023/180329B_mag.txt
180404A,05h34m15s,-37° 10',3,1,,,mag-AB-extcorr-03-05-2023/180404A_magAB_extcorr.txt,mag-03-05-2023/180404A_mag.txt
180418A,11h20m27s,+24° 57',3,1.55,0.7,0.19,mag-AB-extcorr-03-05-2023/180418A_magAB_extcorr.txt,mag-03-05-2023/180418A_mag.txt
180510B,05h11m57s,-62° 20',3,1.305,,,mag-AB-extcorr-03-05-2023/180510B_magAB_extcorr.txt,mag-03-05-2023/180510B_mag.txt
180620B,23h50m04s,-57° 57',3,1.1175,,,mag-AB-extcorr-03-05-2023/180620B_magAB_extcorr.txt,mag-03-05-2023/180620B_mag.txt
180624A,21h12m17s,-02° 20',3,2.855,,,mag-AB-extcorr-03-05-2023/180624A_magAB_extcorr.txt,mag-03-05-2023/180624A_mag.txt
180703A,00h26m10s,-67° 05',18,0.6678,,,mag-AB-extcorr-03-05-2023/180703A_magAB_extcorr.txt,mag-03-05-2023/180703A_mag.txt
180720B,00h02m07s,-02° 56',3,0.654,0.8,0.04,mag-AB-extcorr-03-05-2023/180720B_magAB_extcorr.txt,mag-03-05-2023/180720B_mag.txt
180728A,16h54m17s,-54° 02',3,0.117,0.67,0.05,mag-AB-extcorr-03-05-2023/180728A_magAB_extcorr.txt,mag-03-05-2023/180728A_mag.txt
180914B,22h09m48s,+24° 53',20,1.096,,,mag-AB-extcorr-03-05-2023/180914B_magAB_extcorr.txt,mag-03-05-2023/180914B_mag.txt
181010A,03h30m14s,-23° 02',3,1.39,0.9,0.09,mag-AB-extcorr-03-05-2023/181010A_magAB_extcorr.txt,mag-03-05-2023/181010A_mag.txt
181020A,00h55m52s,-47° 23',3,2.938,,,mag-AB-extcorr-03-05-2023/181020A_magAB_extcorr.txt,mag-03-05-2023/181020A_mag.txt
181110A,20h09m22s,-36° 54',3,1.505,0.99,0.03,mag-AB-extcorr-03-05-2023/181110A_magAB_extcorr.txt,mag-03-05-2023/181110A_mag.txt
181123B,12h17m23s,+14° 35',3,1.754,0.55,0.17,mag-AB-extcorr-03-05-2023/181123B_magAB_extcorr.txt,mag-03-05-2023/181123B_mag.txt
190106A,01h59m33s,+23° 51',3,1.859,,,mag-AB-extcorr-03-05-2023/190106A_magAB_extcorr.txt,mag-03-05-2023/190106A_mag.txt
190114A,04h22m11s,+02° 10',3,3.3765,,,mag-AB-extcorr-03-05-2023/190114A_magAB_extcorr.txt,mag-03-05-2023/190114A_mag.txt
190114C,03h38m02s,-26° 56',3,0.425,0.83,0.04,mag-AB-extcorr-03-05-2023/190114C_magAB_extcorr.txt,mag-03-05-2023/190114C_mag.txt
190627A,16h19m19s,-05° 18',3,1.942,1,0.14,mag-AB-extcorr-03-05-2023/190627A_magAB_extcorr.txt,mag-03-05-2023/190627A_mag.txt
190719C,16h00m50s,+12° 59',3,2.469,,,mag-AB-extcorr-03-05-2023/190719C_magAB_extcorr.txt,mag-03-05-2023/190719C_mag.txt
190829A,02h58m10s,-08° 58',3,0.0785,0.47,0.09,mag-AB-extcorr-03-05-2023/190829A_magAB_extcorr.txt,mag-03-05-2023/190829A_mag.txt
190919B,20h47m33s,-44° 43',3,3.225,1.05,0.07,mag-AB-extcorr-03-05-2023/190919B_magAB_extcorr.txt,mag-03-05-2023/190919B_mag.txt
191004B,03h16m42s,-39° 37',3,3.503,0.49,0.03,mag-AB-extcorr-03-05-2023/191004B_magAB_extcorr.txt,mag-03-05-2023/191004B_mag.txt
191011A,02h58m54s,-27° 51',3,1.722,0.9,0.16,mag-AB-extcorr-03-05-2023/191011A_magAB_extcorr.txt,mag-03-05-2023/191011A_mag.txt
191019A,22h40m09s,-17° 20',3,0.248,0.78,0.08,mag-AB-extcorr-03-05-2023/191019A_magAB_extcorr.txt,mag-03-05-2023/191019A_mag.txt
191221B,10h19m20s,-38° 08',3,1.148,0.48,0.07,mag-AB-extcorr-03-05-2023/191221B_magAB_extcorr.txt,mag-03-05-2023/191221B_mag.txt
200205B,07h11m13s,-56° 29',3,1.465,,,mag-AB-extcorr-03-05-2023/200205B_magAB_extcorr.txt,mag-03-05-2023/200205B_mag.txt
200522A,00h22m40s,-00° 17',3,0.554,1.1,0.3,mag-AB-extcorr-03-05-2023/200522A_magAB_extcorr.txt,mag-03-05-2023/200522A_mag.txt
200524A,14h11m00s,+60° 58',12,1.256,,,mag-AB-extcorr-03-05-2023/200524A_magAB_extcorr.txt,mag-03-05-2023/200524A_mag.txt
200613A,10h12m07s,+45° 51',8,1.2255,0.9,0.15,mag-AB-extcorr-03-05-2023/200613A_magAB_extcorr.txt,mag-03-05-2023/200613A_mag.txt
200826A,00h27m16s,+34° 02',27*15,0.7481,0.67,0.02,mag-AB-extcorr-03-05-2023/200826A_magAB_extcorr.txt,mag-03-05-2023/200826A_mag.txt
200829A,16h44m51s,+72° 20',3,1.25,0.9,0.07,mag-AB-extcorr-03-05-2023/200829A_magAB_extcorr.txt,mag-03-05-2023/200829A_mag.txt
201014A,01h23m23s,+27° 42',3,4.56,0.9,0.24,mag-AB-extcorr-03-05-2023/201014A_magAB_extcorr.txt,mag-03-05-2023/201014A_mag.txt
201015A,23h37m22s,+53° 24',3,0.426,1.13,0.3,mag-AB-extcorr-03-05-2023/201015A_magAB_extcorr.txt,mag-03-05-2023/201015A_mag.txt
201020A,17h24m59s,+31° 25',3,2.903,1.1,0.18,mag-AB-extcorr-03-05-2023/201020A_magAB_extcorr.txt,mag-03-05-2023/201020A_mag.txt
201020B,04h59m29s,+76° 59',13,0.804,,,mag-AB-extcorr-03-05-2023/201020B_magAB_extcorr.txt,mag-03-05-2023/201020B_mag.txt
201021C,00h50m12s,-55° 50',3,1.07,0.6,0.18,mag-AB-extcorr-03-05-2023/201021C_magAB_extcorr.txt,mag-03-05-2023/201021C_mag.txt
201024A,08h23m47s,+03° 23',3,0.999,,,mag-AB-extcorr-03-05-2023/201024A_magAB_extcorr.txt,mag-03-05-2023/201024A_mag.txt
201103B,02h48m44s,+12° 08',0.1,1.105,,,mag-AB-extcorr-03-05-2023/201103B_magAB_extcorr.txt,mag-03-05-2023/201103B_mag.txt
201104B,00h20m52s,+07° 49',3,1.954,,,mag-AB-extcorr-03-05-2023/201104B_magAB_extcorr.txt,mag-03-05-2023/201104B_mag.txt
201216C,01h05m26s,+16° 32',3,1.1,0.5,0.2,mag-AB-extcorr-03-05-2023/201216C_magAB_extcorr.txt,mag-03-05-2023/201216C_mag.txt
201221A,14h17m55s,-45° 25',3,5.7,,,mag-AB-extcorr-03-05-2023/201221A_magAB_extcorr.txt,mag-03-05-2023/201221A_mag.txt
201221D,11h24m12s,+42° 09',3,1.046,,,mag-AB-extcorr-03-05-2023/201221D_magAB_extcorr.txt,mag-03-05-2023/201221D_mag.txt
210104A,06h54m49s,+64° 40',3,0.46,0.82,0.04,mag-AB-extcorr-03-05-2023/210104A_magAB_extcorr.txt,mag-03-05-2023/210104A_mag.txt
210116A,08h15m15s,-05° 52',0.01,2.514,1.17,0.39,mag-AB-extcorr-03-05-2023/210116A_magAB_extcorr.txt,mag-03-05-2023/210116A_mag.txt
210204A,07h48m19s,+11° 25',0.01,0.876,0.75,0,mag-AB-extcorr-03-05-2023/210204A_magAB_extcorr.txt,mag-03-05-2023/210204A_mag.txt
210210A,17h31m15s,+14° 39',3,0.715,0.9,0.11,mag-AB-extcorr-03-05-2023/210210A_magAB_extcorr.txt,mag-03-05-2023/210210A_mag.txt
210222B,10h18m29s,-14° 54',3,2.198,,,mag-AB-extcorr-03-05-2023/210222B_magAB_extcorr.txt,mag-03-05-2023/210222B_mag.txt
210312B,10h23m22s,+76° 53',3,1.069,0.6,0.04,mag-AB-extcorr-03-05-2023/210312B_magAB_extcorr.txt,mag-03-05-2023/210312B_mag.txt
210321A,05h51m30s,+70° 07',3,1.487,,,mag-AB-extcorr-03-05-2023/210321A_magAB_extcorr.txt,mag-03-05-2023/210321A_mag.txt
210411C,19h46m14s,-39° 22',3,2.826,,,mag-AB-extcorr-03-05-2023/210411C_magAB_extcorr.txt,mag-03-05-2023/210411C_mag.txt
210420B,16h57m17s,+42° 34',3,1.4,,,mag-AB-extcorr-03-05-2023/210420B_magAB_extcorr.txt,mag-03-05-2023/210420B_mag.txt
210504A,14h49m11s,-30° 32',3,2.077,,,mag-AB-extcorr-03-05-2023/210504A_magAB_extcorr.txt,mag-03-05-2023/210504A_mag.txt
210517A,23h52m42s,-39° 06',3,2.486,,,mag-AB-extcorr-03-05-2023/210517A_magAB_extcorr.txt,mag-03-05-2023/210517A_mag.txt
210610A,13h37m08s,+14° 29',3,3.54,,,mag-AB-extcorr-03-05-2023/210610A_magAB_extcorr.txt,mag-03-05-2023/210610A_mag.txt
210610B,16h15m45s,+14° 23',3,1.13,,,mag-AB-extcorr-03-05-2023/210610B_magAB_extcorr.txt,mag-03-05-2023/210610B_mag.txt
210619B,21h18m51s,+33° 52',3,1.937,0.89,0.04,mag-AB-extcorr-03-05-2023/210619B_magAB_extcorr.txt,mag-03-05-2023/210619B_mag.txt
210702A,11h14m17s,-36° 44',3,1.16,0.96,0.06,mag-AB-extcorr-03-05-2023/210702A_magAB_extcorr.txt,mag-03-05-2023/210702A_mag.txt
210722A,01h48m06s,-06° 21',3,1.145,,,mag-AB-extcorr-03-05-2023/210722A_magAB_extcorr.txt,mag-03-05-2023/210722A_mag.txt
210731A,20h01m15s,-28° 02',3,1.2525,,,mag-AB-extcorr-03-05-2023/210731A_magAB_extcorr.txt,mag-03-05-2023/210731A_mag.txt
210822A,20h17m54s,+05° 16',3,1.736,,,mag-AB-extcorr-03-05-2023/210822A_magAB_extcorr.txt,mag-03-05-2023/210822A_mag.txt
210905A,20h36m15s,-44° 26',3,6.318,0.6,0.04,mag-AB-extcorr-03-05-2023/210905A_magAB_extcorr.txt,mag-03-05-2023/210905A_mag.txt
211023A,04h49m12s,+85° 18',6,0.39,0.8,0.1,mag-AB-extcorr-03-05-2023/211023A_magAB_extcorr.txt,mag-03-05-2023/211023A_mag.txt
211024B,10h18m45s,+24° 35',3,1.1137,1.13,0.04,mag-AB-extcorr-03-05-2023/211024B_magAB_extcorr.txt,mag-03-05-2023/211024B_mag.txt
211207A,09h58m30s,-24° 21',3,2.272,,,mag-AB-extcorr-03-05-2023/211207A_magAB_extcorr.txt,mag-03-05-2023/211207A_mag.txt
220101A,00h05m31s,+31° 45',3,4.618,0.7,0.05,mag-AB-extcorr-03-05-2023/220101A_magAB_extcorr.txt,mag-03-05-2023/220101A_mag.txt
220107A,11h19m03s,+34° 08',10,1.246,,,mag-AB-extcorr-03-05-2023/220107A_magAB_extcorr.txt,mag-03-05-2023/220107A_mag.txt
220117A,06h06m19s, -28° 25',3,4.961,,,mag-AB-extcorr-03-05-2023/220117A_magAB_extcorr.txt,mag-03-05-2023/220117A_mag.txt
220219B,16h03m39s,+31° 14',0.1,0.293,,,mag-AB-extcorr-03-05-2023/220219B_magAB_extcorr.txt,mag-03-05-2023/220219B_mag.txt
220521A,18h20m47s,+10° 21',3,5.6,,,mag-AB-extcorr-03-05-2023/220521A_magAB_extcorr.txt,mag-03-05-2023/220521A_mag.txt
220527A,21h34m17s,+21° 34',5,0.857,2.55,0.05,mag-AB-extcorr-03-05-2023/220527A_magAB_extcorr.txt,mag-03-05-2023/220527A_mag.txt
220627A,13h24m48s,-32° 30',12,3.084,,,mag-AB-extcorr-03-05-2023/220627A_magAB_extcorr.txt,mag-03-05-2023/220627A_mag.txt
221009A,19h13m03s,+19° 48',3,0.151,0.75,0.016,mag-AB-extcorr-03-05-2023/221009A_magAB_extcorr.txt,mag-03-05-2023/221009A_mag.txt
221110A,01h56m29s,-27° 19',3,4.06,,,mag-AB-extcorr-03-05-2023/221110A_magAB_extcorr.txt,mag-03-05-2023/221110A_mag.txt
221226B,01h31m40s,-41° 33',3,2.694,,,mag-AB-extcorr-03-05-2023/221226B_magAB_extcorr.txt,mag-03-05-2023/221226B_mag.txt
230116D,06h34m28s,+49° 52',?,3.81,,,mag-AB-extcorr-03-05-2023/230116D_magAB_extcorr.txt,mag-03-05-2023/230116D_mag.txt
